CellID,initial_size_spliced,initial_size_unspliced,initial_size,n_counts,cell_cycle_theta
onefilepercell_JR1166_1_1_B02_and_others_N8PVQ:JR1166_1_1_B02.out.bam,925741,101232,925741.0,961200.9,0.5
onefilepercell_JR1166_1_1_B02_and_others_N8PVQ:JR1166_1_1_B17.out.bam,914092,45989,914092.0,957404.4,0.07999999999999996
onefilepercell_JR1166_1_1_B02_and_others_N8PVQ:JR1166_1_1_C07.out.bam,898869,27148,898869.0,995715.4,0.14
onefilepercell_JR1166_1_1_B02_and_others_N8PVQ:JR1166_1_1_D14.out.bam,652925,45155,652925.0,901553.3,0.010000000000000009
onefilepercell_JR1166_1_1_B02_and_others_N8PVQ:JR1166_1_1_E14.out.bam,1218142,114751,1218142.0,1003205.2,0.48
onefilepercell_JR1166_1_1_B02_and_others_N8PVQ:JR1166_1_1_G03.out.bam,964275,75268,964275.0,1001745.94,0.5800000000000001
onefilepercell_JR1166_1_1_B02_and_others_N8PVQ:JR1166_1_1_G09.out.bam,1213292,104263,1213292.0,989411.4,0.73
onefilepercell_JR1166_1_1_B02_and_others_N8PVQ:JR1166_1_1_G12.out.bam,581945,32190,581945.0,998402.6,0.030000000000000027
onefilepercell_JR1166_1_1_B02_and_others_N8PVQ:JR1166_1_1_G18.out.bam,1130144,59337,1130144.0,988486.5,0.10999999999999999
onefilepercell_JR1166_1_1_B02_and_others_N8PVQ:JR1166_1_1_H01.out.bam,522894,30033,522894.0,994991.8,0.020000000000000018
onefilepercell_JR1166_1_1_B02_and_others_N8PVQ:JR1166_1_1_H17.out.bam,1199269,33913,1199269.0,982275.44,0.09999999999999998
onefilepercell_JR1166_1_1_B02_and_others_N8PVQ:JR1166_1_1_I06.out.bam,851556,143250,851556.0,972003.0,0.6699999999999999
onefilepercell_JR1166_1_1_B02_and_others_N8PVQ:JR1166_1_1_J18.out.bam,1117330,59495,1117330.0,955099.56,0.12
onefilepercell_JR1166_1_1_B02_and_others_N8PVQ:JR1166_1_1_J22.out.bam,834639,31104,834639.0,863148.6,0.09999999999999998
onefilepercell_JR1166_1_1_B02_and_others_N8PVQ:JR1166_1_1_L15.out.bam,1069874,128870,1069874.0,982251.0,0.44999999999999996
onefilepercell_JR1166_1_1_B02_and_others_N8PVQ:JR1166_1_1_M06.out.bam,693249,209525,693249.0,976253.7,0.76
onefilepercell_JR1166_1_1_B02_and_others_N8PVQ:JR1166_1_1_N16.out.bam,1291617,162463,1291617.0,979046.8,0.42000000000000004
onefilepercell_JR1166_1_1_B02_and_others_N8PVQ:JR1166_1_1_O20.out.bam,981478,41895,981478.0,988972.06,0.020000000000000018
onefilepercell_JR1166_1_1_B02_and_others_N8PVQ:JR1166_1_2_A02.out.bam,1566449,106843,1566449.0,940124.44,0.04999999999999993
onefilepercell_JR1166_1_1_B02_and_others_N8PVQ:JR1166_1_2_A06.out.bam,1392466,85379,1392466.0,973120.5,0.10999999999999999
onefilepercell_JR1166_1_1_B02_and_others_N8PVQ:JR1166_1_2_A07.out.bam,1700139,73353,1700139.0,980341.5,0.15000000000000002
onefilepercell_JR1166_1_1_B02_and_others_N8PVQ:JR1166_1_2_A09.out.bam,837929,66647,837929.0,971121.0,0.5
onefilepercell_JR1166_1_1_B02_and_others_N8PVQ:JR1166_1_2_A10.out.bam,710882,16088,710882.0,997679.7,0.09999999999999998
onefilepercell_JR1166_1_1_B02_and_others_N8PVQ:JR1166_1_2_A11.out.bam,494876,18495,494876.0,981794.25,0.07999999999999996
onefilepercell_JR1166_1_1_B02_and_others_N8PVQ:JR1166_1_2_A12.out.bam,694815,35701,694815.0,953745.1,0.99
onefilepercell_JR1166_1_1_B02_and_others_N8PVQ:JR1166_1_2_A13.out.bam,592701,19456,592701.0,912738.8,0.08999999999999997
onefilepercell_JR1166_1_1_B02_and_others_N8PVQ:JR1166_1_2_A14.out.bam,1022500,231090,1022500.0,961795.94,0.52
onefilepercell_JR1166_1_1_B02_and_others_N8PVQ:JR1166_1_2_A15.out.bam,1245422,70652,1245422.0,940150.56,0.99
onefilepercell_JR1166_1_1_B02_and_others_N8PVQ:JR1166_1_2_B02.out.bam,850333,79596,850333.0,976181.5,0.010000000000000009
onefilepercell_JR1166_1_1_B02_and_others_N8PVQ:JR1166_1_2_B03.out.bam,1910020,83815,1910020.0,942305.1,0.09999999999999998
onefilepercell_JR1166_1_1_B02_and_others_N8PVQ:JR1166_1_2_B04.out.bam,1560109,138216,1560109.0,981047.94,0.98
onefilepercell_JR1166_1_1_B02_and_others_N8PVQ:JR1166_1_2_B05.out.bam,1730426,70051,1730426.0,973105.75,0.05999999999999994
onefilepercell_JR1166_1_1_B02_and_others_N8PVQ:JR1166_1_2_B06.out.bam,1247191,79125,1247191.0,885120.94,0.15000000000000002
onefilepercell_JR1166_1_1_B02_and_others_N8PVQ:JR1166_1_2_B08.out.bam,589717,50014,589717.0,987034.4,0.020000000000000018
onefilepercell_JR1166_1_1_B02_and_others_N8PVQ:JR1166_1_2_B09.out.bam,1497765,346842,1497765.0,915397.7,0.52
onefilepercell_JR1166_1_1_B02_and_others_N8PVQ:JR1166_1_2_B10.out.bam,998628,41907,998628.0,1005890.75,0.09999999999999998
onefilepercell_JR1166_1_1_B02_and_others_N8PVQ:JR1166_1_2_B11.out.bam,656968,23330,656968.0,991715.6,0.10999999999999999
onefilepercell_JR1166_1_1_B02_and_others_N8PVQ:JR1166_1_2_B12.out.bam,1175292,60635,1175292.0,983101.2,0.030000000000000027
onefilepercell_JR1166_1_1_B02_and_others_N8PVQ:JR1166_1_2_B13.out.bam,979578,58470,979578.0,883740.5,0.9299999999999999
onefilepercell_JR1166_1_1_B02_and_others_N8PVQ:JR1166_1_2_B14.out.bam,1639709,204543,1639709.0,938800.1,0.5
onefilepercell_JR1166_1_1_B02_and_others_N8PVQ:JR1166_1_2_B15.out.bam,1683601,46795,1683601.0,971875.6,0.07999999999999996
onefilepercell_JR1166_1_1_B02_and_others_N8PVQ:JR1166_1_2_C02.out.bam,1630515,78500,1630515.0,960185.0,0.12
onefilepercell_JR1166_1_1_B02_and_others_N8PVQ:JR1166_1_2_C03.out.bam,2217365,297010,2217365.0,993088.0,0.47
onefilepercell_JR1166_1_1_B02_and_others_N8PVQ:JR1166_1_2_C04.out.bam,1940240,139345,1940240.0,977104.25,0.10999999999999999
onefilepercell_JR1166_1_1_B02_and_others_N8PVQ:JR1166_1_2_C05.out.bam,1335758,120454,1335758.0,950117.2,0.09999999999999998
onefilepercell_JR1166_1_1_B02_and_others_N8PVQ:JR1166_1_2_C06.out.bam,1129301,76039,1129301.0,958881.4,0.13
onefilepercell_JR1166_1_1_B02_and_others_N8PVQ:JR1166_1_2_C07.out.bam,1277425,114198,1277425.0,970713.94,0.09999999999999998
onefilepercell_JR1166_1_1_B02_and_others_N8PVQ:JR1166_1_2_C08.out.bam,1213185,74879,1213185.0,945083.44,0.14
onefilepercell_JR1166_1_1_B02_and_others_N8PVQ:JR1166_1_2_C09.out.bam,1715232,59035,1715232.0,966503.6,0.12
onefilepercell_JR1166_1_1_B02_and_others_N8PVQ:JR1166_1_2_C10.out.bam,1648074,187590,1648074.0,932845.3,0.42999999999999994
onefilepercell_JR1166_1_1_B02_and_others_N8PVQ:JR1166_1_2_C11.out.bam,1205410,66905,1205410.0,851692.25,0.08999999999999997
onefilepercell_JR1166_1_1_B02_and_others_N8PVQ:JR1166_1_2_C12.out.bam,1479187,144954,1479187.0,969382.25,0.08999999999999997
onefilepercell_JR1166_1_1_B02_and_others_N8PVQ:JR1166_1_2_C14.out.bam,1086727,84507,1086727.0,854618.4,0.040000000000000036
onefilepercell_JR1166_1_1_B02_and_others_N8PVQ:JR1166_1_2_C15.out.bam,1728985,300053,1728985.0,931773.94,0.49
onefilepercell_JR1166_1_1_B02_and_others_N8PVQ:JR1166_1_2_D02.out.bam,1526418,106048,1526418.0,972810.2,0.12
onefilepercell_JR1166_1_1_B02_and_others_N8PVQ:JR1166_1_2_D03.out.bam,1547940,73204,1547940.0,987352.56,0.010000000000000009
onefilepercell_JR1166_1_1_B02_and_others_N8PVQ:JR1166_1_2_D04.out.bam,884891,52810,884891.0,785593.7,0.05999999999999994
onefilepercell_JR1166_1_1_B02_and_others_N8PVQ:JR1166_1_2_D07.out.bam,1813498,115297,1813498.0,885988.5,0.08999999999999997
onefilepercell_JR1166_1_1_B02_and_others_N8PVQ:JR1166_1_2_D08.out.bam,652511,64132,652511.0,952807.1,0.030000000000000027
onefilepercell_JR1166_1_1_B02_and_others_N8PVQ:JR1166_1_2_D09.out.bam,1793457,101318,1793457.0,940139.56,0.08999999999999997
onefilepercell_JR1166_1_1_B02_and_others_N8PVQ:JR1166_1_2_D10.out.bam,1446438,96531,1446438.0,947713.2,0.06999999999999995
onefilepercell_JR1166_1_1_B02_and_others_N8PVQ:JR1166_1_2_D12.out.bam,1502814,61536,1502814.0,956619.44,0.10999999999999999
onefilepercell_JR1166_1_1_B02_and_others_N8PVQ:JR1166_1_2_D13.out.bam,1410868,445720,1410868.0,941245.06,0.8200000000000001
onefilepercell_JR1166_1_1_B02_and_others_N8PVQ:JR1166_1_2_D14.out.bam,1280401,71729,1280401.0,990601.3,0.10999999999999999
onefilepercell_JR1166_1_1_B02_and_others_N8PVQ:JR1166_1_2_D15.out.bam,1548934,72468,1548934.0,973331.94,0.12
onefilepercell_JR1166_1_1_B02_and_others_N8PVQ:JR1166_1_2_E01.out.bam,1808652,100772,1808652.0,966897.56,0.08999999999999997
onefilepercell_JR1166_1_1_B02_and_others_N8PVQ:JR1166_1_2_E02.out.bam,2173930,83475,2173930.0,932910.44,0.12
onefilepercell_JR1166_1_1_B02_and_others_N8PVQ:JR1166_1_2_E03.out.bam,1519780,125915,1519780.0,973565.56,0.98
onefilepercell_JR1166_1_1_B02_and_others_N8PVQ:JR1166_1_2_E04.out.bam,730358,94750,730358.0,899655.6,1.0
onefilepercell_JR1166_1_1_B02_and_others_N8PVQ:JR1166_1_2_E05.out.bam,1370425,90671,1370425.0,977731.25,0.14
onefilepercell_JR1166_1_1_B02_and_others_N8PVQ:JR1166_1_2_E06.out.bam,710953,49965,710953.0,987626.3,0.030000000000000027
onefilepercell_JR1166_1_1_B02_and_others_N8PVQ:JR1166_1_2_E07.out.bam,1196199,113845,1196199.0,887460.9,0.12
onefilepercell_JR1166_1_1_B02_and_others_N8PVQ:JR1166_1_2_E08.out.bam,1298009,155112,1298009.0,966194.6,0.030000000000000027
onefilepercell_JR1166_1_1_B02_and_others_N8PVQ:JR1166_1_2_E09.out.bam,1606157,78106,1606157.0,964816.9,0.12
onefilepercell_JR1166_1_1_B02_and_others_N8PVQ:JR1166_1_2_E10.out.bam,2071711,81231,2071711.0,981714.1,0.10999999999999999
onefilepercell_JR1166_1_1_B02_and_others_N8PVQ:JR1166_1_2_E11.out.bam,1203419,77376,1203419.0,964941.1,1.0
onefilepercell_JR1166_1_1_B02_and_others_N8PVQ:JR1166_1_2_E12.out.bam,966735,75392,966735.0,950927.44,0.05999999999999994
onefilepercell_JR1166_1_1_B02_and_others_N8PVQ:JR1166_1_2_E13.out.bam,820177,66602,820177.0,818490.8,0.97
onefilepercell_JR1166_1_1_B02_and_others_N8PVQ:JR1166_1_2_E14.out.bam,1743936,214463,1743936.0,964740.9,0.5700000000000001
onefilepercell_JR1166_1_1_B02_and_others_N8PVQ:JR1166_1_2_E15.out.bam,1445811,62650,1445811.0,998198.25,0.07999999999999996
onefilepercell_JR1166_1_1_B02_and_others_N8PVQ:JR1166_1_2_F02.out.bam,1473152,210967,1473152.0,933128.75,0.8200000000000001
onefilepercell_JR1166_1_1_B02_and_others_N8PVQ:JR1166_1_2_F03.out.bam,1553443,98570,1553443.0,919512.56,0.08999999999999997
onefilepercell_JR1166_1_1_B02_and_others_N8PVQ:JR1166_1_2_F04.out.bam,1703456,74669,1703456.0,963222.0,0.09999999999999998
onefilepercell_JR1166_1_1_B02_and_others_N8PVQ:JR1166_1_2_F05.out.bam,1667376,85398,1667376.0,965964.75,0.10999999999999999
onefilepercell_JR1166_1_1_B02_and_others_N8PVQ:JR1166_1_2_F06.out.bam,760677,45732,760677.0,963824.3,0.04999999999999993
onefilepercell_JR1166_1_1_B02_and_others_N8PVQ:JR1166_1_2_F07.out.bam,1002992,149065,1002992.0,966676.9,0.97
onefilepercell_JR1166_1_1_B02_and_others_N8PVQ:JR1166_1_2_F08.out.bam,849411,64796,849411.0,938910.44,0.07999999999999996
onefilepercell_JR1166_1_1_B02_and_others_N8PVQ:JR1166_1_2_F09.out.bam,458403,48243,458403.0,920283.8,0.040000000000000036
onefilepercell_JR1166_1_1_B02_and_others_N8PVQ:JR1166_1_2_F10.out.bam,1430520,90693,1430520.0,979330.7,0.08999999999999997
onefilepercell_JR1166_1_1_B02_and_others_N8PVQ:JR1166_1_2_F11.out.bam,1440005,178120,1440005.0,910094.44,0.18999999999999995
onefilepercell_JR1166_1_1_B02_and_others_N8PVQ:JR1166_1_2_F12.out.bam,1188193,58207,1188193.0,964573.56,0.010000000000000009
onefilepercell_JR1166_1_1_B02_and_others_N8PVQ:JR1166_1_2_F13.out.bam,1049555,44094,1049555.0,952599.9,0.06999999999999995
onefilepercell_JR1166_1_1_B02_and_others_N8PVQ:JR1166_1_2_F14.out.bam,1081563,358843,1081563.0,932076.44,0.76
onefilepercell_JR1166_1_1_B02_and_others_N8PVQ:JR1166_1_2_F15.out.bam,1029621,59465,1029621.0,955479.4,0.06999999999999995
onefilepercell_JR1166_1_1_B02_and_others_N8PVQ:JR1166_1_2_G02.out.bam,1022941,98221,1022941.0,967722.75,0.14
onefilepercell_JR1166_1_1_B02_and_others_N8PVQ:JR1166_1_2_G03.out.bam,1724586,87115,1724586.0,964179.3,0.09999999999999998
onefilepercell_JR1166_1_1_B02_and_others_N8PVQ:JR1166_1_2_G04.out.bam,1460742,91252,1460742.0,886229.4,0.9299999999999999
onefilepercell_JR1166_1_1_B02_and_others_N8PVQ:JR1166_1_2_G05.out.bam,1161066,74632,1161066.0,913661.5,0.04999999999999993
onefilepercell_JR1166_1_1_B02_and_others_N8PVQ:JR1166_1_2_G06.out.bam,1343762,62527,1343762.0,901032.06,0.07999999999999996
onefilepercell_JR1166_1_1_B02_and_others_N8PVQ:JR1166_1_2_G07.out.bam,1515211,79751,1515211.0,938036.9,0.10999999999999999
onefilepercell_JR1166_1_1_B02_and_others_N8PVQ:JR1166_1_2_G08.out.bam,1503017,75448,1503017.0,942919.6,0.13
onefilepercell_JR1166_1_1_B02_and_others_N8PVQ:JR1166_1_2_G09.out.bam,2027064,100292,2027064.0,952826.44,0.09999999999999998
onefilepercell_JR1166_1_1_B02_and_others_N8PVQ:JR1166_1_2_G10.out.bam,1096177,103256,1096177.0,978788.9,0.020000000000000018
onefilepercell_JR1166_1_1_B02_and_others_N8PVQ:JR1166_1_2_G11.out.bam,1851951,100206,1851951.0,930684.0,0.13
onefilepercell_JR1166_1_1_B02_and_others_N8PVQ:JR1166_1_2_G12.out.bam,1251350,80649,1251350.0,931257.5,0.12
onefilepercell_JR1166_1_1_B02_and_others_N8PVQ:JR1166_1_2_G13.out.bam,1032099,49166,1032099.0,931315.7,0.06999999999999995
onefilepercell_JR1166_1_1_B02_and_others_N8PVQ:JR1166_1_2_G14.out.bam,1193049,58741,1193049.0,946571.0,0.13
onefilepercell_JR1166_1_1_B02_and_others_N8PVQ:JR1166_1_2_G15.out.bam,845117,128225,845117.0,976358.1,0.040000000000000036
onefilepercell_JR1166_1_1_B02_and_others_N8PVQ:JR1166_1_2_H02.out.bam,1496092,59694,1496092.0,951689.0,0.13
onefilepercell_JR1166_1_1_B02_and_others_N8PVQ:JR1166_1_2_H03.out.bam,1568859,116783,1568859.0,963478.6,0.09999999999999998
onefilepercell_JR1166_1_1_B02_and_others_N8PVQ:JR1166_1_2_H05.out.bam,922007,64872,922007.0,979970.94,0.010000000000000009
onefilepercell_JR1166_1_1_B02_and_others_N8PVQ:JR1166_1_2_H06.out.bam,991637,44653,991637.0,969271.06,0.12
onefilepercell_JR1166_1_1_B02_and_others_N8PVQ:JR1166_1_2_H07.out.bam,1089447,56860,1089447.0,953308.0,0.08999999999999997
onefilepercell_JR1166_1_1_B02_and_others_N8PVQ:JR1166_1_2_H08.out.bam,1392335,51811,1392335.0,902503.2,0.09999999999999998
onefilepercell_JR1166_1_1_B02_and_others_N8PVQ:JR1166_1_2_H09.out.bam,1507392,106900,1507392.0,964924.4,0.040000000000000036
onefilepercell_JR1166_1_1_B02_and_others_N8PVQ:JR1166_1_2_H10.out.bam,909420,104278,909420.0,921973.9,0.040000000000000036
onefilepercell_JR1166_1_1_B02_and_others_N8PVQ:JR1166_1_2_H11.out.bam,691882,71825,691882.0,817912.0,0.97
onefilepercell_JR1166_1_1_B02_and_others_N8PVQ:JR1166_1_2_H12.out.bam,632882,50551,632882.0,943823.94,0.030000000000000027
onefilepercell_JR1166_1_1_B02_and_others_N8PVQ:JR1166_1_2_H13.out.bam,459493,60722,459493.0,753479.9,1.0
onefilepercell_JR1166_1_1_B02_and_others_N8PVQ:JR1166_1_2_H14.out.bam,597118,52684,597118.0,996687.56,0.04999999999999993
onefilepercell_JR1166_1_1_B02_and_others_N8PVQ:JR1166_1_2_H15.out.bam,826571,116069,826571.0,980034.7,0.04999999999999993
onefilepercell_JR1166_1_1_B02_and_others_N8PVQ:JR1166_1_2_I02.out.bam,1223978,67226,1223978.0,969105.06,0.08999999999999997
onefilepercell_JR1166_1_1_B02_and_others_N8PVQ:JR1166_1_2_I03.out.bam,680234,58765,680234.0,967827.06,0.16000000000000003
onefilepercell_JR1166_1_1_B02_and_others_N8PVQ:JR1166_1_2_I05.out.bam,961870,72842,961870.0,979015.56,0.040000000000000036
onefilepercell_JR1166_1_1_B02_and_others_N8PVQ:JR1166_1_2_I06.out.bam,1033460,51726,1033460.0,955176.7,0.09999999999999998
onefilepercell_JR1166_1_1_B02_and_others_N8PVQ:JR1166_1_2_I07.out.bam,1540966,91912,1540966.0,953540.9,0.09999999999999998
onefilepercell_JR1166_1_1_B02_and_others_N8PVQ:JR1166_1_2_I08.out.bam,829865,60624,829865.0,872222.0,0.25
onefilepercell_JR1166_1_1_B02_and_others_N8PVQ:JR1166_1_2_I09.out.bam,954084,129320,954084.0,960285.3,0.010000000000000009
onefilepercell_JR1166_1_1_B02_and_others_N8PVQ:JR1166_1_2_I10.out.bam,1274406,62834,1274406.0,950530.06,0.08999999999999997
onefilepercell_JR1166_1_1_B02_and_others_N8PVQ:JR1166_1_2_I11.out.bam,1780195,112344,1780195.0,967989.9,0.12
onefilepercell_JR1166_1_1_B02_and_others_N8PVQ:JR1166_1_2_I12.out.bam,1020451,67889,1020451.0,908605.2,0.07999999999999996
onefilepercell_JR1166_1_1_B02_and_others_N8PVQ:JR1166_1_2_I13.out.bam,619987,52152,619987.0,959101.56,0.030000000000000027
onefilepercell_JR1166_1_1_B02_and_others_N8PVQ:JR1166_1_2_I14.out.bam,1376136,83563,1376136.0,958281.44,0.030000000000000027
onefilepercell_JR1166_1_1_B02_and_others_N8PVQ:JR1166_1_2_I15.out.bam,1717363,217925,1717363.0,939443.56,0.47
onefilepercell_JR1166_1_1_B02_and_others_N8PVQ:JR1166_1_2_J02.out.bam,1241771,69175,1241771.0,1001463.0,0.09999999999999998
onefilepercell_JR1166_1_1_B02_and_others_N8PVQ:JR1166_1_2_J03.out.bam,971671,99593,971671.0,966446.5,0.020000000000000018
onefilepercell_JR1166_1_1_B02_and_others_N8PVQ:JR1166_1_2_J04.out.bam,825766,89356,825766.0,971991.5,0.010000000000000009
onefilepercell_JR1166_1_1_B02_and_others_N8PVQ:JR1166_1_2_J05.out.bam,1380581,71712,1380581.0,935705.75,0.09999999999999998
onefilepercell_JR1166_1_1_B02_and_others_N8PVQ:JR1166_1_2_J07.out.bam,702034,214396,702034.0,900662.7,0.8
onefilepercell_JR1166_1_1_B02_and_others_N8PVQ:JR1166_1_2_J08.out.bam,1222991,53013,1222991.0,949291.7,0.12
onefilepercell_JR1166_1_1_B02_and_others_N8PVQ:JR1166_1_2_J09.out.bam,998957,70835,998957.0,887090.44,0.010000000000000009
onefilepercell_JR1166_1_1_B02_and_others_N8PVQ:JR1166_1_2_J10.out.bam,649952,60399,649952.0,816485.56,0.04999999999999993
onefilepercell_JR1166_1_1_B02_and_others_N8PVQ:JR1166_1_2_J12.out.bam,1740827,131114,1740827.0,952494.7,0.99
onefilepercell_JR1166_1_1_B02_and_others_N8PVQ:JR1166_1_2_J13.out.bam,1494331,53420,1494331.0,957937.9,0.09999999999999998
onefilepercell_JR1166_1_1_B02_and_others_N8PVQ:JR1166_1_2_J15.out.bam,1059296,113548,1059296.0,974168.4,0.76
onefilepercell_JR1166_1_1_B02_and_others_N8PVQ:JR1166_1_2_J16.out.bam,1316135,64097,1316135.0,942491.56,0.12
onefilepercell_JR1166_1_1_B02_and_others_N8PVQ:JR1166_1_2_K02.out.bam,942810,83485,942810.0,935686.06,0.06999999999999995
onefilepercell_JR1166_1_1_B02_and_others_N8PVQ:JR1166_1_2_K03.out.bam,1169788,64511,1169788.0,938790.9,0.010000000000000009
onefilepercell_JR1166_1_1_B02_and_others_N8PVQ:JR1166_1_2_K04.out.bam,889369,61093,889369.0,940956.8,0.010000000000000009
onefilepercell_JR1166_1_1_B02_and_others_N8PVQ:JR1166_1_2_K05.out.bam,544512,113685,544512.0,984312.0,0.92
onefilepercell_JR1166_1_1_B02_and_others_N8PVQ:JR1166_1_2_K06.out.bam,1071202,54268,1071202.0,961335.25,0.07999999999999996
onefilepercell_JR1166_1_1_B02_and_others_N8PVQ:JR1166_1_2_K07.out.bam,1145815,76374,1145815.0,963716.94,0.10999999999999999
onefilepercell_JR1166_1_1_B02_and_others_N8PVQ:JR1166_1_2_K08.out.bam,1139873,60063,1139873.0,885348.3,0.13
onefilepercell_JR1166_1_1_B02_and_others_N8PVQ:JR1166_1_2_K09.out.bam,888772,57644,888772.0,980187.94,0.040000000000000036
onefilepercell_JR1166_1_1_B02_and_others_N8PVQ:JR1166_1_2_K10.out.bam,1171136,141372,1171136.0,935329.25,0.12
onefilepercell_JR1166_1_1_B02_and_others_N8PVQ:JR1166_1_2_K11.out.bam,774350,67621,774350.0,984450.94,0.04999999999999993
onefilepercell_JR1166_1_1_B02_and_others_N8PVQ:JR1166_1_2_K12.out.bam,1272888,60673,1272888.0,939564.6,0.09999999999999998
onefilepercell_JR1166_1_1_B02_and_others_N8PVQ:JR1166_1_2_K15.out.bam,1196727,108653,1196727.0,921855.06,0.94
onefilepercell_JR1166_1_1_B02_and_others_N8PVQ:JR1166_1_2_K16.out.bam,1499247,189439,1499247.0,957447.9,0.56
onefilepercell_JR1166_1_1_B02_and_others_N8PVQ:JR1166_1_2_L02.out.bam,618851,106198,618851.0,963896.3,1.0
onefilepercell_JR1166_1_1_B02_and_others_N8PVQ:JR1166_1_2_L03.out.bam,638362,44054,638362.0,957716.1,0.96
onefilepercell_JR1166_1_1_B02_and_others_N8PVQ:JR1166_1_2_L04.out.bam,566097,44282,566097.0,955097.0,0.04999999999999993
onefilepercell_JR1166_1_1_B02_and_others_N8PVQ:JR1166_1_2_L05.out.bam,1458343,218496,1458343.0,976491.7,0.49
onefilepercell_JR1166_1_1_B02_and_others_N8PVQ:JR1166_1_2_L06.out.bam,1249765,60244,1249765.0,956394.94,0.14
onefilepercell_JR1166_1_1_B02_and_others_N8PVQ:JR1166_1_2_L07.out.bam,351723,45810,351723.0,946953.06,0.010000000000000009
onefilepercell_JR1166_1_1_B02_and_others_N8PVQ:JR1166_1_2_L08.out.bam,445878,39012,445878.0,983340.4,0.020000000000000018
onefilepercell_JR1166_1_1_B02_and_others_N8PVQ:JR1166_1_2_L09.out.bam,598573,272984,598573.0,904380.0,0.42999999999999994
onefilepercell_JR1166_1_1_B02_and_others_N8PVQ:JR1166_1_2_L10.out.bam,564630,59991,564630.0,942793.44,0.020000000000000018
onefilepercell_JR1166_1_1_B02_and_others_N8PVQ:JR1166_1_2_L12.out.bam,562191,63650,562191.0,850967.3,0.98
onefilepercell_JR1166_1_1_B02_and_others_N8PVQ:JR1166_1_2_L13.out.bam,570277,38485,570277.0,939206.75,0.14
onefilepercell_JR1166_1_1_B02_and_others_N8PVQ:JR1166_1_2_L14.out.bam,1429989,55870,1429989.0,964297.0,0.13
onefilepercell_JR1166_1_1_B02_and_others_N8PVQ:JR1166_1_2_L15.out.bam,1021057,42363,1021057.0,964280.25,0.09999999999999998
onefilepercell_JR1166_1_1_B02_and_others_N8PVQ:JR1166_1_2_L16.out.bam,1462004,56613,1462004.0,969025.3,0.09999999999999998
onefilepercell_JR1166_1_1_B02_and_others_N8PVQ:JR1166_1_2_M02.out.bam,899273,76312,899273.0,962038.0,0.020000000000000018
onefilepercell_JR1166_1_1_B02_and_others_N8PVQ:JR1166_1_2_M03.out.bam,1191598,82217,1191598.0,973430.8,0.04999999999999993
onefilepercell_JR1166_1_1_B02_and_others_N8PVQ:JR1166_1_2_M04.out.bam,1106197,69732,1106197.0,949800.7,0.97
onefilepercell_JR1166_1_1_B02_and_others_N8PVQ:JR1166_1_2_M05.out.bam,1227445,60309,1227445.0,982779.7,0.10999999999999999
onefilepercell_JR1166_1_1_B02_and_others_N8PVQ:JR1166_1_2_M06.out.bam,636594,140983,636594.0,923138.7,0.56
onefilepercell_JR1166_1_1_B02_and_others_N8PVQ:JR1166_1_2_M07.out.bam,1043462,99818,1043462.0,969431.9,0.040000000000000036
onefilepercell_JR1166_1_1_B02_and_others_N8PVQ:JR1166_1_2_M08.out.bam,1147649,70101,1147649.0,909692.56,0.09999999999999998
onefilepercell_JR1166_1_1_B02_and_others_N8PVQ:JR1166_1_2_M09.out.bam,1081507,90763,1081507.0,929486.5,0.04999999999999993
onefilepercell_JR1166_1_1_B02_and_others_N8PVQ:JR1166_1_2_M10.out.bam,694286,160089,694286.0,911408.6,0.55
onefilepercell_JR1166_1_1_B02_and_others_N8PVQ:JR1166_1_2_M11.out.bam,1685047,101765,1685047.0,954596.8,0.09999999999999998
onefilepercell_JR1166_1_1_B02_and_others_N8PVQ:JR1166_1_2_M12.out.bam,789626,50722,789626.0,991149.56,1.0
onefilepercell_JR1166_1_1_B02_and_others_N8PVQ:JR1166_1_2_M13.out.bam,1054630,340332,1054630.0,959945.6,0.56
onefilepercell_JR1166_1_1_B02_and_others_N8PVQ:JR1166_1_2_M14.out.bam,364828,63667,364828.0,973965.44,0.56
onefilepercell_JR1166_1_1_B02_and_others_N8PVQ:JR1166_1_2_M15.out.bam,971465,85155,971465.0,949669.0,0.10999999999999999
onefilepercell_JR1166_1_1_B02_and_others_N8PVQ:JR1166_1_2_M16.out.bam,1200494,57312,1200494.0,949944.75,0.10999999999999999
onefilepercell_JR1166_1_1_B02_and_others_N8PVQ:JR1166_1_2_N01.out.bam,1508669,102883,1508669.0,975397.56,0.98
onefilepercell_JR1166_1_1_B02_and_others_N8PVQ:JR1166_1_2_N02.out.bam,1785432,106907,1785432.0,924032.8,0.10999999999999999
onefilepercell_JR1166_1_1_B02_and_others_N8PVQ:JR1166_1_2_N03.out.bam,1275630,62200,1275630.0,960895.3,0.10999999999999999
onefilepercell_JR1166_1_1_B02_and_others_N8PVQ:JR1166_1_2_N05.out.bam,1054246,55716,1054246.0,942939.0,0.10999999999999999
onefilepercell_JR1166_1_1_B02_and_others_N8PVQ:JR1166_1_2_N07.out.bam,671597,60812,671597.0,793105.56,0.95
onefilepercell_JR1166_1_1_B02_and_others_N8PVQ:JR1166_1_2_N08.out.bam,901692,183687,901692.0,939005.2,0.51
onefilepercell_JR1166_1_1_B02_and_others_N8PVQ:JR1166_1_2_N09.out.bam,722820,67843,722820.0,984025.9,1.0
onefilepercell_JR1166_1_1_B02_and_others_N8PVQ:JR1166_1_2_N10.out.bam,814063,123448,814063.0,969918.6,0.010000000000000009
onefilepercell_JR1166_1_1_B02_and_others_N8PVQ:JR1166_1_2_N11.out.bam,821005,135135,821005.0,922418.44,0.010000000000000009
onefilepercell_JR1166_1_1_B02_and_others_N8PVQ:JR1166_1_2_N12.out.bam,1173485,91486,1173485.0,959234.1,0.08999999999999997
onefilepercell_JR1166_1_1_B02_and_others_N8PVQ:JR1166_1_2_N13.out.bam,1202144,87069,1202144.0,959517.0,0.09999999999999998
onefilepercell_JR1166_1_1_B02_and_others_N8PVQ:JR1166_1_2_N14.out.bam,543312,56739,543312.0,983508.3,0.04999999999999993
onefilepercell_JR1166_1_1_B02_and_others_N8PVQ:JR1166_1_2_N15.out.bam,523109,304065,523109.0,920239.25,0.6799999999999999
onefilepercell_JR1166_1_1_B02_and_others_N8PVQ:JR1166_1_2_O02.out.bam,1096094,90764,1096094.0,896644.94,0.15000000000000002
onefilepercell_JR1166_1_1_B02_and_others_N8PVQ:JR1166_1_2_O03.out.bam,1223237,65103,1223237.0,968180.4,0.09999999999999998
onefilepercell_JR1166_1_1_B02_and_others_N8PVQ:JR1166_1_2_O04.out.bam,748890,56417,748890.0,992025.44,0.030000000000000027
onefilepercell_JR1166_1_1_B02_and_others_N8PVQ:JR1166_1_2_O06.out.bam,516665,42293,516665.0,988286.0,0.010000000000000009
onefilepercell_JR1166_1_1_B02_and_others_N8PVQ:JR1166_1_2_O08.out.bam,774793,74911,774793.0,953082.06,0.04999999999999993
onefilepercell_JR1166_1_1_B02_and_others_N8PVQ:JR1166_1_2_O09.out.bam,1309825,106245,1309825.0,973245.56,0.08999999999999997
onefilepercell_JR1166_1_1_B02_and_others_N8PVQ:JR1166_1_2_O11.out.bam,818369,96741,818369.0,883468.56,0.94
onefilepercell_JR1166_1_1_B02_and_others_N8PVQ:JR1166_1_2_O13.out.bam,539866,195185,539866.0,942293.25,0.54
onefilepercell_JR1166_1_1_B02_and_others_N8PVQ:JR1166_1_2_O15.out.bam,1170049,6262,1170049.0,892021.2,0.8
onefilepercell_JR1166_1_1_B02_and_others_N8PVQ:JR1166_1_2_O16.out.bam,467360,31663,467360.0,974190.0,0.04999999999999993
onefilepercell_JR1166_1_1_B02_and_others_N8PVQ:JR1166_1_2_P03.out.bam,912747,68952,912747.0,962556.06,0.05999999999999994
onefilepercell_JR1166_1_1_B02_and_others_N8PVQ:JR1166_1_2_P04.out.bam,636818,146733,636818.0,941737.6,0.54
onefilepercell_JR1166_1_1_B02_and_others_N8PVQ:JR1166_1_2_P05.out.bam,1205059,68128,1205059.0,955385.8,0.10999999999999999
onefilepercell_JR1166_1_1_B02_and_others_N8PVQ:JR1166_1_2_P06.out.bam,740939,52611,740939.0,973238.5,0.99
onefilepercell_JR1166_1_1_B02_and_others_N8PVQ:JR1166_1_2_P07.out.bam,765476,130020,765476.0,970877.25,0.47
onefilepercell_JR1166_1_1_B02_and_others_N8PVQ:JR1166_1_2_P09.out.bam,1256449,94197,1256449.0,982610.9,0.08999999999999997
onefilepercell_JR1166_1_1_B02_and_others_N8PVQ:JR1166_1_2_P10.out.bam,861261,233315,861261.0,974566.2,0.5
onefilepercell_JR1166_1_1_B02_and_others_N8PVQ:JR1166_1_2_P11.out.bam,575947,58679,575947.0,950522.56,0.040000000000000036
onefilepercell_JR1166_1_1_B02_and_others_N8PVQ:JR1166_1_2_P12.out.bam,974495,69255,974495.0,979337.1,0.040000000000000036
onefilepercell_JR1166_1_1_B02_and_others_N8PVQ:JR1166_1_2_P13.out.bam,282977,99042,282977.0,931097.56,0.6499999999999999
onefilepercell_JR1166_1_1_B02_and_others_N8PVQ:JR1166_1_2_P14.out.bam,478276,64906,478276.0,971995.3,0.010000000000000009
onefilepercell_JR1166_1_1_B02_and_others_N8PVQ:JR1166_1_2_P15.out.bam,1213799,83010,1213799.0,942532.8,0.10999999999999999
onefilepercell_JR1166_1_1_B02_and_others_N8PVQ:JR1166_1_2_P16.out.bam,740294,58473,740294.0,986110.9,0.040000000000000036
onefilepercell_JR1227_1_1_A05_and_others_LBT7E:JR1227_1_1_A05.out.bam,344836,106164,344836.0,996282.56,0.5800000000000001
onefilepercell_JR1227_1_1_A05_and_others_LBT7E:JR1227_1_1_B08.out.bam,887380,313949,887380.0,972543.9,0.56
onefilepercell_JR1227_1_1_A05_and_others_LBT7E:JR1227_1_1_C06.out.bam,856992,414512,856992.0,985568.0,0.5800000000000001
onefilepercell_JR1227_1_1_A05_and_others_LBT7E:JR1227_1_1_D15.out.bam,1413010,373531,1413010.0,947948.06,0.5700000000000001
onefilepercell_JR1227_1_1_A05_and_others_LBT7E:JR1227_1_1_E05.out.bam,967879,263829,967879.0,958947.44,0.59
onefilepercell_JR1227_1_1_A05_and_others_LBT7E:JR1227_1_1_F04.out.bam,1315466,124396,1315466.0,944165.75,0.9299999999999999
onefilepercell_JR1227_1_1_A05_and_others_LBT7E:JR1227_1_1_G08.out.bam,956208,388487,956208.0,952755.25,0.56
onefilepercell_JR1227_1_1_A05_and_others_LBT7E:JR1227_1_1_H05.out.bam,1410645,246715,1410645.0,943437.44,0.73
onefilepercell_JR1227_1_1_A05_and_others_LBT7E:JR1227_1_1_H12.out.bam,1319010,372523,1319010.0,941907.3,0.5700000000000001
onefilepercell_JR1227_1_1_A05_and_others_LBT7E:JR1227_1_1_H18.out.bam,738568,345507,738568.0,973575.56,0.5700000000000001
onefilepercell_JR1227_1_1_A05_and_others_LBT7E:JR1227_1_1_J08.out.bam,1524625,250826,1524625.0,946404.75,0.55
onefilepercell_JR1227_1_1_A05_and_others_LBT7E:JR1227_1_1_K05.out.bam,803409,176837,803409.0,950789.25,0.56
onefilepercell_JR1227_1_1_A05_and_others_LBT7E:JR1227_1_1_K07.out.bam,507413,238886,507413.0,953226.8,0.5700000000000001
onefilepercell_JR1227_1_1_A05_and_others_LBT7E:JR1227_1_1_M19.out.bam,1280157,64989,1280157.0,937385.75,0.04999999999999993
onefilepercell_JR1227_1_1_A05_and_others_LBT7E:JR1227_1_1_N02.out.bam,1426142,81423,1426142.0,966133.4,0.010000000000000009
onefilepercell_JR1227_1_1_A05_and_others_LBT7E:JR1227_1_2_A02.out.bam,583655,106968,583655.0,1012518.9,0.5800000000000001
onefilepercell_JR1227_1_1_A05_and_others_LBT7E:JR1227_1_2_A04.out.bam,1389844,32486,1389844.0,933957.8,0.10999999999999999
onefilepercell_JR1227_1_1_A05_and_others_LBT7E:JR1227_1_2_A05.out.bam,1853363,146272,1853363.0,997563.56,0.76
onefilepercell_JR1227_1_1_A05_and_others_LBT7E:JR1227_1_2_A06.out.bam,777912,44028,777912.0,985059.6,0.20999999999999996
onefilepercell_JR1227_1_1_A05_and_others_LBT7E:JR1227_1_2_B02.out.bam,1281603,262330,1281603.0,967043.94,0.6
onefilepercell_JR1227_1_1_A05_and_others_LBT7E:JR1227_1_2_B06.out.bam,319216,46405,319216.0,981589.56,0.5700000000000001
onefilepercell_JR1227_1_1_A05_and_others_LBT7E:JR1227_1_2_B07.out.bam,1666149,68895,1666149.0,993210.7,0.22999999999999998
onefilepercell_JR1227_1_1_A05_and_others_LBT7E:JR1227_1_2_B08.out.bam,1259232,44971,1259232.0,953154.9,0.15000000000000002
onefilepercell_JR1227_1_1_A05_and_others_LBT7E:JR1227_1_2_C02.out.bam,1441273,355008,1441273.0,992085.5,0.55
onefilepercell_JR1227_1_1_A05_and_others_LBT7E:JR1227_1_2_C04.out.bam,1421586,41253,1421586.0,933057.5,0.24
onefilepercell_JR1227_1_1_A05_and_others_LBT7E:JR1227_1_2_C07.out.bam,1000597,73361,1000597.0,1003266.06,0.5800000000000001
onefilepercell_JR1227_1_1_A05_and_others_LBT7E:JR1227_1_2_D02.out.bam,638662,63647,638662.0,1018397.44,0.59
onefilepercell_JR1227_1_1_A05_and_others_LBT7E:JR1227_1_2_D03.out.bam,921505,43291,921505.0,931417.44,0.010000000000000009
onefilepercell_JR1227_1_1_A05_and_others_LBT7E:JR1227_1_2_D05.out.bam,1146297,264115,1146297.0,1014205.7,0.5700000000000001
onefilepercell_JR1227_1_1_A05_and_others_LBT7E:JR1227_1_2_D07.out.bam,1049226,42516,1049226.0,1004305.7,0.010000000000000009
onefilepercell_JR1227_1_1_A05_and_others_LBT7E:JR1227_1_2_E01.out.bam,1790074,104369,1790074.0,980845.9,0.020000000000000018
onefilepercell_JR1227_1_1_A05_and_others_LBT7E:JR1227_1_2_E02.out.bam,921962,65815,921962.0,994096.7,0.98
onefilepercell_JR1227_1_1_A05_and_others_LBT7E:JR1227_1_2_E03.out.bam,974655,46602,974655.0,985183.06,0.16000000000000003
onefilepercell_JR1227_1_1_A05_and_others_LBT7E:JR1227_1_2_E06.out.bam,987652,132793,987652.0,967256.44,0.5700000000000001
onefilepercell_JR1227_1_1_A05_and_others_LBT7E:JR1227_1_2_F01.out.bam,1410517,157706,1410517.0,989094.7,0.44999999999999996
onefilepercell_JR1227_1_1_A05_and_others_LBT7E:JR1227_1_2_F02.out.bam,993424,99660,993424.0,982586.6,0.47
onefilepercell_JR1227_1_1_A05_and_others_LBT7E:JR1227_1_2_F07.out.bam,1465833,329119,1465833.0,998658.8,0.5800000000000001
onefilepercell_JR1227_1_1_A05_and_others_LBT7E:JR1227_1_2_G07.out.bam,2862137,234057,2862137.0,971558.56,0.47
onefilepercell_JR1227_1_1_A05_and_others_LBT7E:JR1227_1_2_H01.out.bam,2048761,252911,2048761.0,988423.0,0.75
onefilepercell_JR1227_1_1_A05_and_others_LBT7E:JR1227_1_2_H03.out.bam,2282739,257499,2282739.0,976797.1,0.75
onefilepercell_JR1227_1_1_A05_and_others_LBT7E:JR1227_1_2_H05.out.bam,2294965,116637,2294965.0,981540.1,0.19999999999999996
onefilepercell_JR1227_1_1_A05_and_others_LBT7E:JR1227_1_2_H07.out.bam,725112,41997,725112.0,966374.56,0.91
onefilepercell_JR1227_1_1_A05_and_others_LBT7E:JR1227_1_2_H08.out.bam,2177011,76613,2177011.0,963446.4,0.14
onefilepercell_JR1227_1_1_A05_and_others_LBT7E:JR1227_1_2_I03.out.bam,1236653,102424,1236653.0,909556.7,0.010000000000000009
onefilepercell_JR1227_1_1_A05_and_others_LBT7E:JR1227_1_2_I05.out.bam,1232982,98812,1232982.0,981456.5,0.030000000000000027
onefilepercell_JR1227_1_1_A05_and_others_LBT7E:JR1227_1_2_I06.out.bam,1087230,106815,1087230.0,996242.9,0.43999999999999995
onefilepercell_JR1227_1_1_A05_and_others_LBT7E:JR1227_1_2_I07.out.bam,633009,38709,633009.0,981960.7,0.22999999999999998
onefilepercell_JR1227_1_1_A05_and_others_LBT7E:JR1227_1_2_I08.out.bam,1228855,119866,1228855.0,975079.0,0.99
onefilepercell_JR1227_1_1_A05_and_others_LBT7E:JR1227_1_2_J01.out.bam,1857797,112499,1857797.0,942263.3,0.040000000000000036
onefilepercell_JR1227_1_1_A05_and_others_LBT7E:JR1227_1_2_J02.out.bam,610319,122726,610319.0,995117.56,0.5700000000000001
onefilepercell_JR1227_1_1_A05_and_others_LBT7E:JR1227_1_2_J04.out.bam,1207413,66925,1207413.0,975000.8,0.98
onefilepercell_JR1227_1_1_A05_and_others_LBT7E:JR1227_1_2_J05.out.bam,1647794,100240,1647794.0,995094.75,0.07999999999999996
onefilepercell_JR1227_1_1_A05_and_others_LBT7E:JR1227_1_2_J08.out.bam,527673,80299,527673.0,893507.2,0.21999999999999997
onefilepercell_JR1227_1_1_A05_and_others_LBT7E:JR1227_1_2_K01.out.bam,939066,40122,939066.0,949024.4,0.84
onefilepercell_JR1227_1_1_A05_and_others_LBT7E:JR1227_1_2_K02.out.bam,2368644,87094,2368644.0,969258.06,0.14
onefilepercell_JR1227_1_1_A05_and_others_LBT7E:JR1227_1_2_K03.out.bam,861984,60725,861984.0,996086.56,0.96
onefilepercell_JR1227_1_1_A05_and_others_LBT7E:JR1227_1_2_K05.out.bam,1245575,75634,1245575.0,967526.1,1.0
onefilepercell_JR1227_1_1_A05_and_others_LBT7E:JR1227_1_2_K07.out.bam,1957101,198579,1957101.0,987739.06,0.55
onefilepercell_JR1227_1_1_A05_and_others_LBT7E:JR1227_1_2_L01.out.bam,2033545,410851,2033545.0,989329.5,0.5700000000000001
onefilepercell_JR1227_1_1_A05_and_others_LBT7E:JR1227_1_2_L02.out.bam,990314,43535,990314.0,987309.4,0.99
onefilepercell_JR1227_1_1_A05_and_others_LBT7E:JR1227_1_2_L03.out.bam,711887,88027,711887.0,980610.4,0.52
onefilepercell_JR1227_1_1_A05_and_others_LBT7E:JR1227_1_2_L04.out.bam,1240595,86472,1240595.0,976613.3,0.95
onefilepercell_JR1227_1_1_A05_and_others_LBT7E:JR1227_1_2_L07.out.bam,2491518,97029,2491518.0,975674.06,0.09999999999999998
onefilepercell_JR1227_1_1_A05_and_others_LBT7E:JR1227_1_2_M02.out.bam,669421,40677,669421.0,984804.44,0.48
onefilepercell_JR1227_1_1_A05_and_others_LBT7E:JR1227_1_2_M04.out.bam,2245949,98021,2245949.0,978184.06,0.06999999999999995
onefilepercell_JR1227_1_1_A05_and_others_LBT7E:JR1227_1_2_M07.out.bam,1456036,259779,1456036.0,1003178.6,0.5700000000000001
onefilepercell_JR1227_1_1_A05_and_others_LBT7E:JR1227_1_2_M08.out.bam,1959642,106649,1959642.0,1002202.44,0.94
onefilepercell_JR1227_1_1_A05_and_others_LBT7E:JR1227_1_2_N03.out.bam,1884523,256022,1884523.0,999186.4,0.52
onefilepercell_JR1227_1_1_A05_and_others_LBT7E:JR1227_1_2_N06.out.bam,1841453,131118,1841453.0,997713.7,0.5700000000000001
onefilepercell_JR1227_1_1_A05_and_others_LBT7E:JR1227_1_2_O03.out.bam,1318964,33242,1318964.0,914799.4,0.10999999999999999
onefilepercell_JR1227_1_1_A05_and_others_LBT7E:JR1227_1_2_O05.out.bam,1304820,91641,1304820.0,942471.44,0.15000000000000002
onefilepercell_JR1227_1_1_A05_and_others_LBT7E:JR1227_1_2_O06.out.bam,1856932,199515,1856932.0,987882.7,0.5700000000000001
onefilepercell_JR1227_1_1_A05_and_others_LBT7E:JR1227_1_2_O07.out.bam,1050630,85459,1050630.0,979771.7,0.15000000000000002
onefilepercell_JR1227_1_1_A05_and_others_LBT7E:JR1227_1_2_P01.out.bam,492134,19868,492134.0,1025772.5,0.29000000000000004
onefilepercell_JR1227_1_1_A05_and_others_LBT7E:JR1227_1_2_P04.out.bam,1144456,89073,1144456.0,1002174.5,0.62
onefilepercell_JR1227_1_1_A05_and_others_LBT7E:JR1227_1_2_P05.out.bam,1020060,60219,1020060.0,948678.4,0.86
onefilepercell_JR1227_1_1_A05_and_others_LBT7E:JR1227_1_2_P07.out.bam,694676,33810,694676.0,976425.8,0.07999999999999996
onefilepercell_JR1227_1_1_A05_and_others_LBT7E:JR1227_1_2_P08.out.bam,1078093,138406,1078093.0,1015410.8,0.5800000000000001
onefilepercell_JR1227_1_1_A05_and_others_LBT7E:JR1227_1_3_A03.out.bam,881096,123204,881096.0,998572.6,0.56
onefilepercell_JR1227_1_1_A05_and_others_LBT7E:JR1227_1_3_D01.out.bam,1515910,38059,1515910.0,994306.7,0.12
onefilepercell_JR1227_1_1_A05_and_others_LBT7E:JR1227_1_3_D02.out.bam,2083631,236299,2083631.0,978946.1,0.42000000000000004
onefilepercell_JR1227_1_1_A05_and_others_LBT7E:JR1227_1_3_E01.out.bam,2293438,109900,2293438.0,968093.75,0.13
onefilepercell_JR1227_1_1_A05_and_others_LBT7E:JR1227_1_3_E02.out.bam,2374615,113530,2374615.0,975722.5,0.09999999999999998
onefilepercell_JR1227_1_1_A05_and_others_LBT7E:JR1227_1_3_E03.out.bam,984478,187897,984478.0,978596.44,0.5700000000000001
onefilepercell_JR1227_1_1_A05_and_others_LBT7E:JR1227_1_3_H02.out.bam,843277,46907,843277.0,973697.25,0.16999999999999993
onefilepercell_JR1227_1_1_A05_and_others_LBT7E:JR1227_1_3_I01.out.bam,2032992,115893,2032992.0,973865.5,0.16000000000000003
onefilepercell_JR1227_1_1_A05_and_others_LBT7E:JR1227_1_3_I02.out.bam,1775731,113909,1775731.0,948601.5,0.12
onefilepercell_JR1227_1_1_A05_and_others_LBT7E:JR1227_1_3_J01.out.bam,2469694,428652,2469694.0,982955.5,0.44999999999999996
onefilepercell_JR1227_1_1_A05_and_others_LBT7E:JR1227_1_3_J02.out.bam,2042499,84830,2042499.0,941563.94,0.99
onefilepercell_JR1227_1_1_A05_and_others_LBT7E:JR1227_1_3_K01.out.bam,751582,52641,751582.0,987546.1,0.030000000000000027
onefilepercell_JR1227_1_1_A05_and_others_LBT7E:JR1227_1_3_L01.out.bam,2013561,324147,2013561.0,992723.0,0.61
onefilepercell_JR1227_1_1_A05_and_others_LBT7E:JR1227_1_3_L02.out.bam,1057577,30347,1057577.0,934051.9,0.12
onefilepercell_JR1227_1_1_A05_and_others_LBT7E:JR1227_1_3_N02.out.bam,569531,48425,569531.0,983090.7,0.51
onefilepercell_JR1227_1_1_A05_and_others_LBT7E:JR1227_1_3_P01.out.bam,215066,21101,215066.0,1006891.56,0.5700000000000001
onefilepercell_JR1227_1_1_A05_and_others_LBT7E:JR1227_1_3_P02.out.bam,1368481,184732,1368481.0,1001900.1,0.5700000000000001
onefilepercell_JR1284_1_1_A12_and_others_O2FQT:JR1284_1_1_A12.out.bam,388082,33559,388082.0,993953.75,0.71
onefilepercell_JR1284_1_1_A12_and_others_O2FQT:JR1284_1_1_D04.out.bam,248480,44070,248480.0,964866.56,0.7
onefilepercell_JR1284_1_1_A12_and_others_O2FQT:JR1284_1_1_E04.out.bam,236627,18178,236627.0,971234.0,0.53
onefilepercell_JR1284_1_1_A12_and_others_O2FQT:JR1284_1_1_F09.out.bam,897424,110053,897424.0,974222.7,0.6799999999999999
onefilepercell_JR1284_1_1_A12_and_others_O2FQT:JR1284_1_1_H07.out.bam,2200191,113251,2200191.0,948808.9,0.87
onefilepercell_JR1284_1_1_A12_and_others_O2FQT:JR1284_1_1_K08.out.bam,1603668,184807,1603668.0,952423.25,0.69
onefilepercell_JR1284_1_1_A12_and_others_O2FQT:JR1284_1_1_K12.out.bam,338202,30604,338202.0,983839.06,0.69
onefilepercell_JR1284_1_1_A12_and_others_O2FQT:JR1284_1_2_A02.out.bam,1562057,215919,1562057.0,940400.2,0.71
onefilepercell_JR1284_1_1_A12_and_others_O2FQT:JR1284_1_2_O04.out.bam,549047,58803,549047.0,961781.56,0.98
onefilepercell_JR1284_1_1_A12_and_others_O2FQT:JR1284_1_3_A04.out.bam,1367913,149551,1367913.0,955290.8,0.75
onefilepercell_JR1284_1_1_A12_and_others_O2FQT:JR1284_1_3_B12.out.bam,1685367,168366,1685367.0,946114.6,0.78
onefilepercell_JR1284_1_1_A12_and_others_O2FQT:JR1284_1_3_E08.out.bam,1391901,202156,1391901.0,979118.75,0.43999999999999995
onefilepercell_JR1284_1_1_A12_and_others_O2FQT:JR1284_1_3_G04.out.bam,1602559,201009,1602559.0,971839.25,0.5700000000000001
onefilepercell_JR1284_1_1_A12_and_others_O2FQT:JR1284_1_3_G07.out.bam,1228746,161714,1228746.0,967911.94,0.53
onefilepercell_JR1284_1_1_A12_and_others_O2FQT:JR1284_1_3_H04.out.bam,835216,114429,835216.0,974085.1,0.55
onefilepercell_JR1284_1_1_A12_and_others_O2FQT:JR1284_1_3_I02.out.bam,1124783,244205,1124783.0,942290.3,0.59
onefilepercell_JR1284_1_1_A12_and_others_O2FQT:JR1284_1_3_I07.out.bam,1299986,233533,1299986.0,953796.56,0.59
onefilepercell_JR1284_1_1_A12_and_others_O2FQT:JR1284_1_3_K02.out.bam,887336,116635,887336.0,964798.56,0.6
onefilepercell_JR1284_1_1_A12_and_others_O2FQT:JR1284_1_3_K06.out.bam,1502971,183730,1502971.0,969835.44,0.6
onefilepercell_JR1284_1_1_A12_and_others_O2FQT:JR1284_1_3_K11.out.bam,1283009,121752,1283009.0,944519.56,0.64
onefilepercell_JR1284_1_1_A12_and_others_O2FQT:JR1284_1_4_A03.out.bam,1657620,286175,1657620.0,955274.25,0.76
onefilepercell_JR1284_1_1_A12_and_others_O2FQT:JR1284_1_4_A05.out.bam,500915,48976,500915.0,781414.7,0.21999999999999997
onefilepercell_JR1284_1_1_A12_and_others_O2FQT:JR1284_1_4_A06.out.bam,1135557,103530,1135557.0,877731.2,0.63
onefilepercell_JR1284_1_1_A12_and_others_O2FQT:JR1284_1_4_B01.out.bam,1210694,268249,1210694.0,919497.2,0.6
onefilepercell_JR1284_1_1_A12_and_others_O2FQT:JR1284_1_4_B05.out.bam,708506,65327,708506.0,890848.06,0.84
onefilepercell_JR1284_1_1_A12_and_others_O2FQT:JR1284_1_4_B06.out.bam,1574130,153039,1574130.0,930198.1,0.5
onefilepercell_JR1284_1_1_A12_and_others_O2FQT:JR1284_1_4_C01.out.bam,1464380,240785,1464380.0,962738.75,0.54
onefilepercell_JR1284_1_1_A12_and_others_O2FQT:JR1284_1_4_C03.out.bam,1506596,144792,1506596.0,898623.25,0.63
onefilepercell_JR1284_1_1_A12_and_others_O2FQT:JR1284_1_4_C05.out.bam,406286,51324,406286.0,952661.7,0.87
onefilepercell_JR1284_1_1_A12_and_others_O2FQT:JR1284_1_4_C06.out.bam,310210,31696,310210.0,920109.25,0.87
onefilepercell_JR1284_1_1_A12_and_others_O2FQT:JR1284_1_4_D01.out.bam,1454069,268530,1454069.0,923540.75,0.6699999999999999
onefilepercell_JR1284_1_1_A12_and_others_O2FQT:JR1284_1_4_D02.out.bam,1277027,148921,1277027.0,893559.06,0.6599999999999999
onefilepercell_JR1284_1_1_A12_and_others_O2FQT:JR1284_1_4_D03.out.bam,1378317,176273,1378317.0,954893.8,0.43999999999999995
onefilepercell_JR1284_1_1_A12_and_others_O2FQT:JR1284_1_4_D04.out.bam,787816,50134,787816.0,909936.7,0.96
onefilepercell_JR1284_1_1_A12_and_others_O2FQT:JR1284_1_4_D05.out.bam,1153733,93468,1153733.0,906840.1,0.69
onefilepercell_JR1284_1_1_A12_and_others_O2FQT:JR1284_1_4_D06.out.bam,1669509,182000,1669509.0,934007.5,0.7
onefilepercell_JR1284_1_1_A12_and_others_O2FQT:JR1284_1_4_E01.out.bam,368485,36800,368485.0,977400.06,0.010000000000000009
onefilepercell_JR1284_1_1_A12_and_others_O2FQT:JR1284_1_4_E03.out.bam,1119264,163634,1119264.0,960477.94,0.6
onefilepercell_JR1284_1_1_A12_and_others_O2FQT:JR1284_1_4_E05.out.bam,829870,85985,829870.0,943028.94,0.25
onefilepercell_JR1284_1_1_A12_and_others_O2FQT:JR1284_1_4_G02.out.bam,975646,76686,975646.0,929771.44,0.73
onefilepercell_JR1284_1_1_A12_and_others_O2FQT:JR1284_1_4_G03.out.bam,1824815,218152,1824815.0,937772.0,0.55
onefilepercell_JR1284_1_1_A12_and_others_O2FQT:JR1284_1_4_G04.out.bam,1369801,193645,1369801.0,943806.56,0.47
onefilepercell_JR1284_1_1_A12_and_others_O2FQT:JR1284_1_4_G05.out.bam,502712,49686,502712.0,977573.9,0.48
onefilepercell_JR1284_1_1_A12_and_others_O2FQT:JR1284_1_4_H01.out.bam,1103909,417769,1103909.0,932515.9,0.43999999999999995
onefilepercell_JR1284_1_1_A12_and_others_O2FQT:JR1284_1_4_H02.out.bam,1299502,152604,1299502.0,933935.56,0.4
onefilepercell_JR1284_1_1_A12_and_others_O2FQT:JR1284_1_4_H03.out.bam,967288,130057,967288.0,926605.7,0.64
onefilepercell_JR1284_1_1_A12_and_others_O2FQT:JR1284_1_4_H05.out.bam,1422839,134847,1422839.0,942364.9,0.77
onefilepercell_JR1284_1_1_A12_and_others_O2FQT:JR1284_1_4_I03.out.bam,1085260,72520,1085260.0,935491.7,0.42000000000000004
onefilepercell_JR1284_1_1_A12_and_others_O2FQT:JR1284_1_4_I04.out.bam,253978,55149,253978.0,916591.1,0.77
onefilepercell_JR1284_1_1_A12_and_others_O2FQT:JR1284_1_4_I05.out.bam,952711,102244,952711.0,957870.06,0.6599999999999999
onefilepercell_JR1284_1_1_A12_and_others_O2FQT:JR1284_1_4_J02.out.bam,1913217,236631,1913217.0,944662.5,0.6599999999999999
onefilepercell_JR1284_1_1_A12_and_others_O2FQT:JR1284_1_4_J03.out.bam,975370,114062,975370.0,960751.75,0.48
onefilepercell_JR1284_1_1_A12_and_others_O2FQT:JR1284_1_4_J04.out.bam,1290840,74683,1290840.0,929401.25,0.5700000000000001
onefilepercell_JR1284_1_1_A12_and_others_O2FQT:JR1284_1_4_J05.out.bam,888059,95076,888059.0,946144.0,0.75
onefilepercell_JR1284_1_1_A12_and_others_O2FQT:JR1284_1_4_K01.out.bam,290155,64211,290155.0,971159.6,0.30999999999999994
onefilepercell_JR1284_1_1_A12_and_others_O2FQT:JR1284_1_4_K03.out.bam,994348,103764,994348.0,946732.94,0.6599999999999999
onefilepercell_JR1284_1_1_A12_and_others_O2FQT:JR1284_1_4_K04.out.bam,960577,56262,960577.0,956435.9,0.7
onefilepercell_JR1284_1_1_A12_and_others_O2FQT:JR1284_1_4_K05.out.bam,761983,54005,761983.0,977901.25,0.73
onefilepercell_JR1284_1_1_A12_and_others_O2FQT:JR1284_1_4_K06.out.bam,1339073,95363,1339073.0,943724.44,0.6699999999999999
onefilepercell_JR1284_1_1_A12_and_others_O2FQT:JR1284_1_4_L01.out.bam,1508853,204624,1508853.0,968630.0,0.53
onefilepercell_JR1284_1_1_A12_and_others_O2FQT:JR1284_1_4_L02.out.bam,630595,37461,630595.0,969493.1,0.24
onefilepercell_JR1284_1_1_A12_and_others_O2FQT:JR1284_1_4_L04.out.bam,612834,118825,612834.0,947732.6,0.63
onefilepercell_JR1284_1_1_A12_and_others_O2FQT:JR1284_1_4_L06.out.bam,1055176,119251,1055176.0,966961.5,0.73
onefilepercell_JR1284_1_1_A12_and_others_O2FQT:JR1284_1_4_M01.out.bam,1565702,267770,1565702.0,994046.06,0.61
onefilepercell_JR1284_1_1_A12_and_others_O2FQT:JR1284_1_4_M04.out.bam,718211,98548,718211.0,977873.2,0.6
onefilepercell_JR1284_1_1_A12_and_others_O2FQT:JR1284_1_4_M05.out.bam,1478780,87399,1478780.0,986407.0,0.54
onefilepercell_JR1284_1_1_A12_and_others_O2FQT:JR1284_1_4_M06.out.bam,412234,26267,412234.0,1007494.56,0.98
onefilepercell_JR1284_1_1_A12_and_others_O2FQT:JR1284_1_4_N01.out.bam,725515,113338,725515.0,961711.8,0.96
onefilepercell_JR1284_1_1_A12_and_others_O2FQT:JR1284_1_4_N02.out.bam,1577839,309006,1577839.0,951034.25,0.42999999999999994
onefilepercell_JR1284_1_1_A12_and_others_O2FQT:JR1284_1_4_N03.out.bam,531848,47445,531848.0,817151.1,0.85
onefilepercell_JR1284_1_1_A12_and_others_O2FQT:JR1284_1_4_N04.out.bam,1446230,116568,1446230.0,933350.4,0.71
onefilepercell_JR1284_1_1_A12_and_others_O2FQT:JR1284_1_4_N05.out.bam,1287033,143560,1287033.0,955919.8,0.52
onefilepercell_JR1284_1_1_A12_and_others_O2FQT:JR1284_1_4_N06.out.bam,1025855,196510,1025855.0,953961.8,0.69
onefilepercell_JR1284_1_1_A12_and_others_O2FQT:JR1284_1_4_O01.out.bam,751008,61221,751008.0,934561.56,0.20999999999999996
onefilepercell_JR1284_1_1_A12_and_others_O2FQT:JR1284_1_4_O02.out.bam,1223758,268616,1223758.0,959131.8,0.71
onefilepercell_JR1284_1_1_A12_and_others_O2FQT:JR1284_1_4_O03.out.bam,1434657,260223,1434657.0,972322.75,0.49
onefilepercell_JR1284_1_1_A12_and_others_O2FQT:JR1284_1_4_O05.out.bam,1257117,247545,1257117.0,957902.0,0.6
onefilepercell_JR1284_1_1_A12_and_others_O2FQT:JR1284_1_4_P05.out.bam,324476,50024,324476.0,958056.1,0.55
onefilepercell_JR1284_1_1_A12_and_others_O2FQT:JR1284_1_5_A02.out.bam,412357,32591,412357.0,977097.8,0.44999999999999996
onefilepercell_JR1284_1_1_A12_and_others_O2FQT:JR1284_1_5_A04.out.bam,5790619,317663,5790619.0,967353.94,0.96
onefilepercell_JR1284_1_1_A12_and_others_O2FQT:JR1284_1_5_A06.out.bam,376233,20458,376233.0,1022110.7,0.96
onefilepercell_JR1284_1_1_A12_and_others_O2FQT:JR1284_1_5_B01.out.bam,3714132,437978,3714132.0,979678.9,0.28
onefilepercell_JR1284_1_1_A12_and_others_O2FQT:JR1284_1_5_B03.out.bam,144932,10406,144932.0,982068.8,0.71
onefilepercell_JR1284_1_1_A12_and_others_O2FQT:JR1284_1_5_B05.out.bam,419081,33042,419081.0,977872.56,0.69
onefilepercell_JR1284_1_1_A12_and_others_O2FQT:JR1284_1_5_B06.out.bam,267139,11668,267139.0,994793.7,0.74
onefilepercell_JR1284_1_1_A12_and_others_O2FQT:JR1284_1_5_C02.out.bam,272180,25716,272180.0,971705.75,0.77
onefilepercell_JR1284_1_1_A12_and_others_O2FQT:JR1284_1_5_C03.out.bam,1903605,147549,1903605.0,951401.75,0.75
onefilepercell_JR1284_1_1_A12_and_others_O2FQT:JR1284_1_5_C06.out.bam,189978,11407,189978.0,939566.1,0.5700000000000001
onefilepercell_JR1284_1_1_A12_and_others_O2FQT:JR1284_1_5_D02.out.bam,757483,106704,757483.0,1001185.7,0.64
onefilepercell_JR1284_1_1_A12_and_others_O2FQT:JR1284_1_5_D03.out.bam,959895,97793,959895.0,951432.1,0.62
onefilepercell_JR1284_1_1_A12_and_others_O2FQT:JR1284_1_5_D04.out.bam,819651,64099,819651.0,971632.44,0.7
onefilepercell_JR1284_1_1_A12_and_others_O2FQT:JR1284_1_5_D05.out.bam,666893,81622,666893.0,966774.1,0.7
onefilepercell_JR1284_1_1_A12_and_others_O2FQT:JR1284_1_5_D06.out.bam,124422,11169,124422.0,999491.75,0.69
onefilepercell_JR1284_1_1_A12_and_others_O2FQT:JR1284_1_5_E02.out.bam,177010,30826,177010.0,960835.5,0.61
onefilepercell_JR1284_1_1_A12_and_others_O2FQT:JR1284_1_5_F01.out.bam,3101254,166297,3101254.0,936007.8,0.88
onefilepercell_JR1284_1_1_A12_and_others_O2FQT:JR1284_1_5_F02.out.bam,706161,72742,706161.0,978709.6,0.45999999999999996
onefilepercell_JR1284_1_1_A12_and_others_O2FQT:JR1284_1_5_F03.out.bam,1297918,176718,1297918.0,892180.56,0.73
onefilepercell_JR1284_1_1_A12_and_others_O2FQT:JR1284_1_5_F05.out.bam,1768356,204419,1768356.0,997797.0,0.88
onefilepercell_JR1284_1_1_A12_and_others_O2FQT:JR1284_1_5_F06.out.bam,6011560,202474,6011560.0,976598.75,0.10999999999999999
onefilepercell_JR1284_1_1_A12_and_others_O2FQT:JR1284_1_5_G01.out.bam,3249702,311244,3249702.0,928010.3,0.21999999999999997
onefilepercell_JR1284_1_1_A12_and_others_O2FQT:JR1284_1_5_G04.out.bam,962506,101880,962506.0,974681.0,0.55
onefilepercell_JR1284_1_1_A12_and_others_O2FQT:JR1284_1_5_G05.out.bam,1010840,105378,1010840.0,966016.4,0.45999999999999996
onefilepercell_JR1284_1_1_A12_and_others_O2FQT:JR1284_1_5_H01.out.bam,277526,28285,277526.0,989743.4,0.36
onefilepercell_JR1284_1_1_A12_and_others_O2FQT:JR1284_1_5_H02.out.bam,2096742,488500,2096742.0,947153.56,0.94
onefilepercell_JR1284_1_1_A12_and_others_O2FQT:JR1284_1_5_H04.out.bam,1419518,178130,1419518.0,950648.2,0.42999999999999994
onefilepercell_JR1284_1_1_A12_and_others_O2FQT:JR1284_1_5_H05.out.bam,819254,145925,819254.0,961501.25,0.5800000000000001
onefilepercell_JR1284_1_1_A12_and_others_O2FQT:JR1284_1_5_H06.out.bam,179066,41982,179066.0,958085.56,0.71
onefilepercell_JR1284_1_1_A12_and_others_O2FQT:JR1284_1_5_I01.out.bam,207901,21743,207901.0,998121.75,0.71
onefilepercell_JR1284_1_1_A12_and_others_O2FQT:JR1284_1_5_I04.out.bam,257829,40183,257829.0,966892.75,0.5700000000000001
onefilepercell_JR1284_1_1_A12_and_others_O2FQT:JR1284_1_5_I05.out.bam,218383,26819,218383.0,986553.56,0.5800000000000001
onefilepercell_JR1284_1_1_A12_and_others_O2FQT:JR1284_1_5_I06.out.bam,728466,81057,728466.0,977285.4,0.6799999999999999
onefilepercell_JR1284_1_1_A12_and_others_O2FQT:JR1284_1_5_J01.out.bam,401837,47850,401837.0,962461.75,0.48
onefilepercell_JR1284_1_1_A12_and_others_O2FQT:JR1284_1_5_J03.out.bam,198631,26374,198631.0,973167.9,0.49
onefilepercell_JR1284_1_1_A12_and_others_O2FQT:JR1284_1_5_J05.out.bam,3904827,339394,3904827.0,952965.75,0.89
onefilepercell_JR1284_1_1_A12_and_others_O2FQT:JR1284_1_5_J06.out.bam,339244,27084,339244.0,953074.7,0.6799999999999999
onefilepercell_JR1284_1_1_A12_and_others_O2FQT:JR1284_1_5_K02.out.bam,769916,201321,769916.0,954643.2,0.5800000000000001
onefilepercell_JR1284_1_1_A12_and_others_O2FQT:JR1284_1_5_K03.out.bam,550419,98570,550419.0,954861.5,0.6499999999999999
onefilepercell_JR1284_1_1_A12_and_others_O2FQT:JR1284_1_5_K04.out.bam,1866812,220507,1866812.0,912841.06,0.45999999999999996
onefilepercell_JR1284_1_1_A12_and_others_O2FQT:JR1284_1_5_K05.out.bam,200053,17110,200053.0,962809.6,0.63
onefilepercell_JR1284_1_1_A12_and_others_O2FQT:JR1284_1_5_K06.out.bam,1003236,94257,1003236.0,945544.75,0.54
onefilepercell_JR1284_1_1_A12_and_others_O2FQT:JR1284_1_5_L02.out.bam,1126727,148630,1126727.0,954580.2,0.74
onefilepercell_JR1284_1_1_A12_and_others_O2FQT:JR1284_1_5_L05.out.bam,1388184,159768,1388184.0,940770.2,0.6799999999999999
onefilepercell_JR1284_1_1_A12_and_others_O2FQT:JR1284_1_5_M03.out.bam,8239922,495814,8239922.0,1000920.44,0.87
onefilepercell_JR1284_1_1_A12_and_others_O2FQT:JR1284_1_5_M04.out.bam,1992387,369866,1992387.0,959155.7,0.5800000000000001
onefilepercell_JR1284_1_1_A12_and_others_O2FQT:JR1284_1_5_M05.out.bam,1492903,241890,1492903.0,933900.6,0.76
onefilepercell_JR1284_1_1_A12_and_others_O2FQT:JR1284_1_5_M06.out.bam,493711,33310,493711.0,987385.9,0.6499999999999999
onefilepercell_JR1284_1_1_A12_and_others_O2FQT:JR1284_1_5_N01.out.bam,1199933,298577,1199933.0,892415.6,0.6699999999999999
onefilepercell_JR1284_1_1_A12_and_others_O2FQT:JR1284_1_5_N03.out.bam,2998981,256130,2998981.0,948373.06,0.19999999999999996
onefilepercell_JR1284_1_1_A12_and_others_O2FQT:JR1284_1_5_N04.out.bam,2197116,244819,2197116.0,936725.8,0.8
onefilepercell_JR1284_1_1_A12_and_others_O2FQT:JR1284_1_5_N06.out.bam,1455169,281783,1455169.0,960711.1,0.64
onefilepercell_JR1284_1_1_A12_and_others_O2FQT:JR1284_1_5_O01.out.bam,723585,97732,723585.0,942162.8,0.73
onefilepercell_JR1284_1_1_A12_and_others_O2FQT:JR1284_1_5_O03.out.bam,2150892,169621,2150892.0,957061.56,0.96
onefilepercell_JR1284_1_1_A12_and_others_O2FQT:JR1284_1_5_O04.out.bam,1715315,207971,1715315.0,939893.56,0.31999999999999995
onefilepercell_JR1284_1_1_A12_and_others_O2FQT:JR1284_1_5_O05.out.bam,2689281,188853,2689281.0,982052.3,0.16999999999999993
onefilepercell_JR1284_1_1_A12_and_others_O2FQT:JR1284_1_5_P01.out.bam,2451244,171035,2451244.0,980845.25,1.0
onefilepercell_JR1284_1_1_A12_and_others_O2FQT:JR1284_1_5_P03.out.bam,275196,29760,275196.0,971878.44,0.71
onefilepercell_JR1284_1_1_A12_and_others_O2FQT:JR1284_1_5_P04.out.bam,2419115,233782,2419115.0,971919.7,0.92
onefilepercell_JR1284_1_1_A12_and_others_O2FQT:JR1284_1_5_P05.out.bam,1068639,96542,1068639.0,971852.75,0.94
onefilepercell_JR1284_1_1_A12_and_others_O2FQT:JR1284_1_6_A02.out.bam,475327,35286,475327.0,884828.3,0.85
onefilepercell_JR1284_1_1_A12_and_others_O2FQT:JR1284_1_6_A03.out.bam,1654757,171625,1654757.0,953123.44,0.74
onefilepercell_JR1284_1_1_A12_and_others_O2FQT:JR1284_1_6_A04.out.bam,414987,24809,414987.0,985699.75,0.29000000000000004
onefilepercell_JR1284_1_1_A12_and_others_O2FQT:JR1284_1_6_A05.out.bam,1307709,48604,1307709.0,933930.0,0.29000000000000004
onefilepercell_JR1284_1_1_A12_and_others_O2FQT:JR1284_1_6_B01.out.bam,1300103,183150,1300103.0,972787.0,0.61
onefilepercell_JR1284_1_1_A12_and_others_O2FQT:JR1284_1_6_B02.out.bam,1239253,147456,1239253.0,933857.44,0.61
onefilepercell_JR1284_1_1_A12_and_others_O2FQT:JR1284_1_6_B03.out.bam,1884728,194726,1884728.0,973947.9,0.7
onefilepercell_JR1284_1_1_A12_and_others_O2FQT:JR1284_1_6_B04.out.bam,943488,153415,943488.0,985341.4,0.6799999999999999
onefilepercell_JR1284_1_1_A12_and_others_O2FQT:JR1284_1_6_B05.out.bam,1211456,212207,1211456.0,969592.7,0.71
onefilepercell_JR1284_1_1_A12_and_others_O2FQT:JR1284_1_6_C01.out.bam,1117331,82228,1117331.0,950638.94,0.6599999999999999
onefilepercell_JR1284_1_1_A12_and_others_O2FQT:JR1284_1_6_C02.out.bam,493539,59088,493539.0,941931.4,0.24
onefilepercell_JR1284_1_1_A12_and_others_O2FQT:JR1284_1_6_C03.out.bam,1186111,166262,1186111.0,931917.25,0.5700000000000001
onefilepercell_JR1284_1_1_A12_and_others_O2FQT:JR1284_1_6_C04.out.bam,323993,18567,323993.0,989449.56,0.91
onefilepercell_JR1284_1_1_A12_and_others_O2FQT:JR1284_1_6_C05.out.bam,957534,103453,957534.0,987431.3,0.6699999999999999
onefilepercell_JR1284_1_1_A12_and_others_O2FQT:JR1284_1_6_D01.out.bam,1302409,144520,1302409.0,966253.94,0.6699999999999999
onefilepercell_JR1284_1_1_A12_and_others_O2FQT:JR1284_1_6_D02.out.bam,1428011,132610,1428011.0,970971.3,0.59
onefilepercell_JR1284_1_1_A12_and_others_O2FQT:JR1284_1_6_D03.out.bam,551738,97604,551738.0,1006680.5,0.88
onefilepercell_JR1284_1_1_A12_and_others_O2FQT:JR1284_1_6_D04.out.bam,560288,31887,560288.0,939568.4,0.78
onefilepercell_JR1284_1_1_A12_and_others_O2FQT:JR1284_1_6_D05.out.bam,871249,207503,871249.0,985955.7,0.6
onefilepercell_JR1284_1_1_A12_and_others_O2FQT:JR1284_1_6_E01.out.bam,1277772,127926,1277772.0,932698.94,0.76
onefilepercell_JR1284_1_1_A12_and_others_O2FQT:JR1284_1_6_E02.out.bam,966002,131332,966002.0,972055.75,0.6
onefilepercell_JR1284_1_1_A12_and_others_O2FQT:JR1284_1_6_E03.out.bam,1419581,167421,1419581.0,973647.8,0.78
onefilepercell_JR1284_1_1_A12_and_others_O2FQT:JR1284_1_6_E04.out.bam,438099,22537,438099.0,1000665.6,0.26
onefilepercell_JR1284_1_1_A12_and_others_O2FQT:JR1284_1_6_E05.out.bam,591505,21441,591505.0,952071.3,0.17999999999999994
onefilepercell_JR1284_1_1_A12_and_others_O2FQT:JR1284_1_6_F01.out.bam,521935,28696,521935.0,931591.75,0.24
onefilepercell_JR1284_1_1_A12_and_others_O2FQT:JR1284_1_6_F02.out.bam,963037,268890,963037.0,955416.75,0.62
onefilepercell_JR1284_1_1_A12_and_others_O2FQT:JR1284_1_6_F03.out.bam,1516986,214269,1516986.0,949206.5,0.69
onefilepercell_JR1284_1_1_A12_and_others_O2FQT:JR1284_1_6_F04.out.bam,1468796,156984,1468796.0,972918.4,0.51
onefilepercell_JR1284_1_1_A12_and_others_O2FQT:JR1284_1_6_F05.out.bam,448240,21478,448240.0,977087.56,0.010000000000000009
onefilepercell_JR1284_1_1_A12_and_others_O2FQT:JR1284_1_6_G01.out.bam,1194183,174414,1194183.0,957282.7,0.79
onefilepercell_JR1284_1_1_A12_and_others_O2FQT:JR1284_1_6_G02.out.bam,1022361,97686,1022361.0,928481.75,0.44999999999999996
onefilepercell_JR1284_1_1_A12_and_others_O2FQT:JR1284_1_6_G03.out.bam,485385,36249,485385.0,926963.2,0.88
onefilepercell_JR1284_1_1_A12_and_others_O2FQT:JR1284_1_6_G04.out.bam,1950704,170582,1950704.0,974396.56,0.5800000000000001
onefilepercell_JR1284_1_1_A12_and_others_O2FQT:JR1284_1_6_G05.out.bam,1179410,60029,1179410.0,994569.5,0.22999999999999998
onefilepercell_JR1284_1_1_A12_and_others_O2FQT:JR1284_1_6_H01.out.bam,359629,16932,359629.0,991246.0,0.98
onefilepercell_JR1284_1_1_A12_and_others_O2FQT:JR1284_1_6_H02.out.bam,370944,15901,370944.0,988399.6,1.0
onefilepercell_JR1284_1_1_A12_and_others_O2FQT:JR1284_1_6_H03.out.bam,1102941,109084,1102941.0,973407.5,0.6
onefilepercell_JR1284_1_1_A12_and_others_O2FQT:JR1284_1_6_H04.out.bam,925519,140475,925519.0,982148.1,0.72
onefilepercell_JR1284_1_1_A12_and_others_O2FQT:JR1284_1_6_H05.out.bam,904704,72136,904704.0,984648.1,0.45999999999999996
onefilepercell_JR1284_1_1_A12_and_others_O2FQT:JR1284_1_6_I01.out.bam,511873,47644,511873.0,1000075.6,0.21999999999999997
onefilepercell_JR1284_1_1_A12_and_others_O2FQT:JR1284_1_6_I02.out.bam,1604280,148690,1604280.0,958705.25,0.7
onefilepercell_JR1284_1_1_A12_and_others_O2FQT:JR1284_1_6_I03.out.bam,1241982,154895,1241982.0,940918.06,0.43999999999999995
onefilepercell_JR1284_1_1_A12_and_others_O2FQT:JR1284_1_6_I04.out.bam,1232630,89536,1232630.0,955391.4,0.44999999999999996
onefilepercell_JR1284_1_1_A12_and_others_O2FQT:JR1284_1_6_I05.out.bam,1472101,168507,1472101.0,949022.1,0.6599999999999999
onefilepercell_JR1284_1_1_A12_and_others_O2FQT:JR1284_1_6_J01.out.bam,697770,184255,697770.0,998256.6,0.5800000000000001
onefilepercell_JR1284_1_1_A12_and_others_O2FQT:JR1284_1_6_J02.out.bam,990479,106918,990479.0,926233.75,0.69
onefilepercell_JR1284_1_1_A12_and_others_O2FQT:JR1284_1_6_J03.out.bam,1239099,147917,1239099.0,947645.4,0.6799999999999999
onefilepercell_JR1284_1_1_A12_and_others_O2FQT:JR1284_1_6_J04.out.bam,1942457,299444,1942457.0,941054.75,0.62
onefilepercell_JR1284_1_1_A12_and_others_O2FQT:JR1284_1_6_J05.out.bam,567710,43584,567710.0,965370.0,0.26
onefilepercell_JR1284_1_1_A12_and_others_O2FQT:JR1284_1_6_K01.out.bam,1153635,168103,1153635.0,984431.06,0.6
onefilepercell_JR1284_1_1_A12_and_others_O2FQT:JR1284_1_6_K02.out.bam,959564,146653,959564.0,942835.25,0.62
onefilepercell_JR1284_1_1_A12_and_others_O2FQT:JR1284_1_6_K03.out.bam,1964393,289361,1964393.0,992275.7,0.62
onefilepercell_JR1284_1_1_A12_and_others_O2FQT:JR1284_1_6_K04.out.bam,1058447,154232,1058447.0,959461.2,0.6
onefilepercell_JR1284_1_1_A12_and_others_O2FQT:JR1284_1_6_K05.out.bam,1382307,117444,1382307.0,962046.5,0.76
onefilepercell_JR1284_1_1_A12_and_others_O2FQT:JR1284_1_6_L01.out.bam,578506,42696,578506.0,996302.1,0.20999999999999996
onefilepercell_JR1284_1_1_A12_and_others_O2FQT:JR1284_1_6_L02.out.bam,1089822,148548,1089822.0,943289.06,0.76
onefilepercell_JR1284_1_1_A12_and_others_O2FQT:JR1284_1_6_L03.out.bam,246130,9048,246130.0,1037723.6,1.0
onefilepercell_JR1284_1_1_A12_and_others_O2FQT:JR1284_1_6_L04.out.bam,419672,31527,419672.0,1000950.56,0.91
onefilepercell_JR1284_1_1_A12_and_others_O2FQT:JR1284_1_6_L05.out.bam,1150758,96300,1150758.0,962747.5,0.71
onefilepercell_JR1284_1_1_A12_and_others_O2FQT:JR1284_1_6_N01.out.bam,1164816,200506,1164816.0,953628.44,0.48
onefilepercell_JR1284_1_1_A12_and_others_O2FQT:JR1284_1_6_N02.out.bam,911337,174853,911337.0,998562.5,0.6699999999999999
onefilepercell_JR1284_1_1_A12_and_others_O2FQT:JR1284_1_6_N03.out.bam,735852,90977,735852.0,954571.44,0.84
onefilepercell_JR1284_1_1_A12_and_others_O2FQT:JR1284_1_6_N04.out.bam,840363,161819,840363.0,976751.4,0.69
onefilepercell_JR1284_1_1_A12_and_others_O2FQT:JR1284_1_6_P01.out.bam,638271,46283,638271.0,985866.06,0.5
onefilepercell_JR1284_1_1_A12_and_others_O2FQT:JR1284_1_6_P02.out.bam,432179,22115,432179.0,1015219.9,1.0
onefilepercell_JR1284_1_1_A12_and_others_O2FQT:JR1284_1_6_P03.out.bam,511230,32449,511230.0,1010336.5,0.99
onefilepercell_JR1284_1_1_A12_and_others_O2FQT:JR1284_1_6_P04.out.bam,254836,26225,254836.0,891163.9,0.95
