CellID,initial_size_spliced,initial_size_unspliced,initial_size,n_counts,velocity_self_transition,velocity_length,velocity_confidence,velocity_confidence_transition,root_cells,end_points,velocity_pseudotime
onefilepercell_JR1166_1_1_B17_and_others_SMZ73:JR1166_1_1_B17.out.bam,914092,45989,914092.0,962413.06,0.012759268,353.96,0.024149203673005104,0.9677452,0.9021319586170898,0.14772711498993096,0.09532538801431656
onefilepercell_JR1166_1_1_B17_and_others_SMZ73:JR1166_1_1_C07.out.bam,898869,27148,898869.0,1001477.0,0.028118968,414.06,0.7114641666412354,0.9403668,0.18785836869382988,0.2651872889175194,0.134603351354599
onefilepercell_JR1166_1_1_B17_and_others_SMZ73:JR1166_1_1_D14.out.bam,652925,45155,652925.0,907822.8,0.6118804,117.18,0.27833014726638794,0.35750294,0.5629269892943072,0.1331673984947529,0.07976745814085007
onefilepercell_JR1166_1_1_B17_and_others_SMZ73:JR1166_1_1_G03.out.bam,964275,75268,964275.0,1005838.25,0.6817976,452.67,0.4295341372489929,0.20333856,0.017724483865399758,0.3615644481496875,0.45907288789749146
onefilepercell_JR1166_1_1_B17_and_others_SMZ73:JR1166_1_1_G09.out.bam,1213292,104263,1213292.0,994657.5,0.7997836,408.64,0.3654836118221283,0.14412813,0.01063336377755986,0.3534588106574108,0.4220452904701233
onefilepercell_JR1166_1_1_B17_and_others_SMZ73:JR1166_1_1_G12.out.bam,581945,32190,581945.0,1004497.06,0.023308754,492.92,0.6911154389381409,0.9576883,0.39165421653218657,0.09942069115709512,0.08904686570167542
onefilepercell_JR1166_1_1_B17_and_others_SMZ73:JR1166_1_1_G18.out.bam,1130144,59337,1130144.0,994050.8,0.4552638,225.66,0.7804043889045715,0.5220583,0.1430029217521737,0.9355994622677823,0.5331711173057556
onefilepercell_JR1166_1_1_B17_and_others_SMZ73:JR1166_1_1_H01.out.bam,522894,30033,522894.0,1001323.9,0.0,1266.25,0.977445125579834,0.9902633,0.6194566917293115,0.1288862530973537,0.10067467391490936
onefilepercell_JR1166_1_1_B17_and_others_SMZ73:JR1166_1_1_H17.out.bam,1199269,33913,1199269.0,987202.75,0.36267185,228.78,0.9239874482154846,0.5953467,0.0,1.0,1.0
onefilepercell_JR1166_1_1_B17_and_others_SMZ73:JR1166_1_1_J18.out.bam,1117330,59495,1117330.0,959533.0,0.05038166,254.46,0.5019708275794983,0.92530984,0.4439205683025172,0.4919420882797761,0.48138228058815
onefilepercell_JR1166_1_1_B17_and_others_SMZ73:JR1166_1_1_L15.out.bam,1069874,128870,1069874.0,983729.6,0.42141938,537.81,0.38813894987106323,0.56656355,0.04586091833519154,0.38363151926591804,0.4249078631401062
onefilepercell_JR1166_1_1_B17_and_others_SMZ73:JR1166_1_1_N16.out.bam,1291617,162463,1291617.0,981101.5,0.3221463,463.68,0.32298290729522705,0.64798504,0.012354265323774906,0.281847293180883,0.44799479842185974
onefilepercell_JR1166_1_1_B17_and_others_SMZ73:JR1166_1_1_O20.out.bam,981478,41895,981478.0,994199.8,0.016045809,693.84,0.779999315738678,0.96591175,0.3428037143333594,0.10422354544905581,0.07801003754138947
onefilepercell_JR1166_1_1_B17_and_others_SMZ73:JR1166_1_2_A02.out.bam,1566449,106843,1566449.0,945797.1,0.00254184,874.48,0.8253551125526428,0.9816037,0.6661274392921966,0.32310348241758513,0.1074584499001503
onefilepercell_JR1166_1_1_B17_and_others_SMZ73:JR1166_1_2_A06.out.bam,1392466,85379,1392466.0,977986.2,0.06238079,297.36,0.0,0.92260194,0.564158762165306,0.280735644527762,0.527271032333374
onefilepercell_JR1166_1_1_B17_and_others_SMZ73:JR1166_1_2_A07.out.bam,1700139,73353,1700139.0,985802.56,0.045445204,378.37,0.5969951748847961,0.9300663,0.37681640154361146,0.24244183950240739,0.16795231401920319
onefilepercell_JR1166_1_1_B17_and_others_SMZ73:JR1166_1_2_A09.out.bam,837929,66647,837929.0,976000.56,0.67647994,413.59,0.32648202776908875,0.17953625,0.017186375602226255,0.39805913648935937,0.47246772050857544
onefilepercell_JR1166_1_1_B17_and_others_SMZ73:JR1166_1_2_A10.out.bam,710882,16088,710882.0,1003905.8,0.26775622,204.55,0.8113614320755005,0.7177179,0.09770985838572259,0.9994838719584649,0.9841136336326599
onefilepercell_JR1166_1_1_B17_and_others_SMZ73:JR1166_1_2_A11.out.bam,494876,18495,494876.0,982294.1,0.31958717,203.79,0.7712451219558716,0.6750541,0.09666757898897446,0.8652794693466387,0.6433007121086121
onefilepercell_JR1166_1_1_B17_and_others_SMZ73:JR1166_1_2_A12.out.bam,694815,35701,694815.0,958659.56,0.13646084,198.49,0.36844226717948914,0.8468015,0.6027440410551856,0.13728374353361525,0.0661003440618515
onefilepercell_JR1166_1_1_B17_and_others_SMZ73:JR1166_1_2_A13.out.bam,592701,19456,592701.0,919164.7,0.0152439475,393.73,0.17692488431930542,0.9657626,1.0,0.23664624388203473,0.5438292622566223
onefilepercell_JR1166_1_1_B17_and_others_SMZ73:JR1166_1_2_A14.out.bam,1022500,231090,1022500.0,962598.06,0.6090426,434.82,0.2967560589313507,0.3012543,0.02400221935428089,0.2727517280317749,0.41245996952056885
onefilepercell_JR1166_1_1_B17_and_others_SMZ73:JR1166_1_2_A15.out.bam,1245422,70652,1245422.0,938184.9,0.012855589,347.14,0.587783694267273,0.97096866,0.45035163695293046,0.1263868191969519,0.05632313713431358
onefilepercell_JR1166_1_1_B17_and_others_SMZ73:JR1166_1_2_B02.out.bam,850333,79596,850333.0,981971.6,0.09525943,230.31,0.5536582469940186,0.8671484,0.510741471706836,0.07697541815747516,0.0725896954536438
onefilepercell_JR1166_1_1_B17_and_others_SMZ73:JR1166_1_2_B03.out.bam,1910020,83815,1910020.0,941359.75,0.117052436,174.64,0.7698553800582886,0.8665529,0.08068449513088781,0.7263260359892472,0.7085758447647095
onefilepercell_JR1166_1_1_B17_and_others_SMZ73:JR1166_1_2_B04.out.bam,1560109,138216,1560109.0,987102.0,0.013702154,633.69,0.7805484533309937,0.96722806,0.6754936109010696,0.05853442927027971,0.21484073996543884
onefilepercell_JR1166_1_1_B17_and_others_SMZ73:JR1166_1_2_B05.out.bam,1730426,70051,1730426.0,979042.44,0.058537662,284.48,0.7020007967948914,0.9232346,0.29120707945712,0.21955231466587619,0.4039478898048401
onefilepercell_JR1166_1_1_B17_and_others_SMZ73:JR1166_1_2_B06.out.bam,1247191,79125,1247191.0,883256.6,0.48916793,105.79,0.09200864285230637,0.49015853,0.6173338667804505,0.10413968255641978,0.10207406431436539
onefilepercell_JR1166_1_1_B17_and_others_SMZ73:JR1166_1_2_B08.out.bam,589717,50014,589717.0,991329.9,0.08506304,423.58,0.855106770992279,0.8498138,0.26308095096085127,0.14977979767006447,0.11312365531921387
onefilepercell_JR1166_1_1_B17_and_others_SMZ73:JR1166_1_2_B09.out.bam,1497765,346842,1497765.0,914040.8,0.7402099,405.79,0.31636714935302734,0.13145646,0.16786948860530462,0.34534033183459023,0.36468908190727234
onefilepercell_JR1166_1_1_B17_and_others_SMZ73:JR1166_1_2_B10.out.bam,998628,41907,998628.0,1011395.2,0.2013756,235.49,0.8626965284347534,0.79239523,0.09357612587876792,0.7517626596785403,0.3755682706832886
onefilepercell_JR1166_1_1_B17_and_others_SMZ73:JR1166_1_2_B11.out.bam,656968,23330,656968.0,995699.9,0.7581334,86.31,0.3784697651863098,0.16340111,0.36872757300313486,0.43750607932438523,0.6724406480789185
onefilepercell_JR1166_1_1_B17_and_others_SMZ73:JR1166_1_2_B12.out.bam,1175292,60635,1175292.0,989370.25,0.03231269,386.4,0.7583111524581909,0.94231796,0.24146083661509216,0.3328574743590464,0.17167352139949799
onefilepercell_JR1166_1_1_B17_and_others_SMZ73:JR1166_1_2_B13.out.bam,979578,58470,979578.0,888802.25,0.4659112,204.03,0.042923878878355026,0.51715523,0.5491827084918058,0.12824276041845067,0.06946372985839844
onefilepercell_JR1166_1_1_B17_and_others_SMZ73:JR1166_1_2_B14.out.bam,1639709,204543,1639709.0,939902.7,0.63492686,418.67,0.3161061704158783,0.28138056,0.012949224674934146,0.37915250292208896,0.4511071443557739
onefilepercell_JR1166_1_1_B17_and_others_SMZ73:JR1166_1_2_B15.out.bam,1683601,46795,1683601.0,976824.7,0.18948811,192.96,0.8458204865455627,0.7968241,0.018114776499796054,0.7630544595438825,0.8905554413795471
onefilepercell_JR1166_1_1_B17_and_others_SMZ73:JR1166_1_2_C02.out.bam,1630515,78500,1630515.0,965426.7,0.22140694,118.11,0.06738457828760147,0.749007,0.49831683955875017,0.4036224990650388,0.5396025776863098
onefilepercell_JR1166_1_1_B17_and_others_SMZ73:JR1166_1_2_C03.out.bam,2217365,297010,2217365.0,996641.7,0.71666646,504.5,0.3124444782733917,0.17286263,0.016307105274785492,0.3679085182421375,0.44720086455345154
onefilepercell_JR1166_1_1_B17_and_others_SMZ73:JR1166_1_2_C04.out.bam,1940240,139345,1940240.0,982222.44,0.43077075,120.03,0.4152783155441284,0.5378552,0.6381685003112768,0.31210993955865907,0.924132227897644
onefilepercell_JR1166_1_1_B17_and_others_SMZ73:JR1166_1_2_C05.out.bam,1335758,120454,1335758.0,954189.06,0.07665384,381.57,0.8499237298965454,0.8774945,0.3246109862044801,0.2833623295008444,0.3230610191822052
onefilepercell_JR1166_1_1_B17_and_others_SMZ73:JR1166_1_2_C06.out.bam,1129301,76039,1129301.0,962848.0,0.008516014,652.81,0.853878915309906,0.95111406,0.29985452136793517,0.2030900322507339,0.1773848831653595
onefilepercell_JR1166_1_1_B17_and_others_SMZ73:JR1166_1_2_C07.out.bam,1277425,114198,1277425.0,975442.5,0.064878345,311.82,0.41289812326431274,0.9194901,1.0,0.07214499737979391,0.0
onefilepercell_JR1166_1_1_B17_and_others_SMZ73:JR1166_1_2_C08.out.bam,1213185,74879,1213185.0,946854.1,0.08194357,188.86,0.40189945697784424,0.9020802,0.45166965475125925,0.20664708272211568,0.4626747667789459
onefilepercell_JR1166_1_1_B17_and_others_SMZ73:JR1166_1_2_C09.out.bam,1715232,59035,1715232.0,970682.0,0.5425749,106.58,0.715086817741394,0.43322235,0.12969500613672,1.0,0.9247104525566101
onefilepercell_JR1166_1_1_B17_and_others_SMZ73:JR1166_1_2_C10.out.bam,1648074,187590,1648074.0,934711.3,0.7878865,501.79,0.4456627368927002,0.09552166,0.021960808789524475,0.28822734247901044,0.45662981271743774
onefilepercell_JR1166_1_1_B17_and_others_SMZ73:JR1166_1_2_C11.out.bam,1205410,66905,1205410.0,855758.44,0.035030246,297.97,0.017832808196544647,0.950906,0.5727123874918729,0.2509015643863954,0.19824913144111633
onefilepercell_JR1166_1_1_B17_and_others_SMZ73:JR1166_1_2_C12.out.bam,1479187,144954,1479187.0,975233.5,0.2226271,175.98,0.19322334229946136,0.7647241,0.7891648746960453,0.07132819596268579,0.4984804093837738
onefilepercell_JR1166_1_1_B17_and_others_SMZ73:JR1166_1_2_C14.out.bam,1086727,84507,1086727.0,859819.56,0.00075668097,848.44,0.7530713081359863,0.9802057,0.7124521905931096,0.10538418763577294,0.16196076571941376
onefilepercell_JR1166_1_1_B17_and_others_SMZ73:JR1166_1_2_D02.out.bam,1526418,106048,1526418.0,978659.75,0.037059367,536.87,0.529798150062561,0.9366277,0.4310780528290761,0.3047624831614989,0.21445250511169434
onefilepercell_JR1166_1_1_B17_and_others_SMZ73:JR1166_1_2_D03.out.bam,1547940,73204,1547940.0,993674.3,0.05428493,220.36,0.5420017242431641,0.9205472,0.32507123195235205,0.1937488558674792,0.5275301337242126
onefilepercell_JR1166_1_1_B17_and_others_SMZ73:JR1166_1_2_D04.out.bam,884891,52810,884891.0,787176.75,0.5615902,147.71,0.0,0.40387985,0.6190064422280387,0.1331590342714809,0.06934522837400436
onefilepercell_JR1166_1_1_B17_and_others_SMZ73:JR1166_1_2_D07.out.bam,1813498,115297,1813498.0,890020.1,0.032919586,266.97,0.15801788866519928,0.9506706,0.78789034810088,0.42869604224403585,0.35645997524261475
onefilepercell_JR1166_1_1_B17_and_others_SMZ73:JR1166_1_2_D08.out.bam,652511,64132,652511.0,957382.56,0.18579757,298.42,0.6723160147666931,0.7614749,0.6237084097467281,0.2174293162783522,0.07957939803600311
onefilepercell_JR1166_1_1_B17_and_others_SMZ73:JR1166_1_2_D09.out.bam,1793457,101318,1793457.0,944061.7,0.123364925,172.92,0.7398172616958618,0.8550338,0.14495641446528387,0.777909326878871,0.6985601782798767
onefilepercell_JR1166_1_1_B17_and_others_SMZ73:JR1166_1_2_D10.out.bam,1446438,96531,1446438.0,952291.0,0.042111874,335.84,0.0,0.9390754,0.6698373131746844,0.14311331762892324,0.38755476474761963
onefilepercell_JR1166_1_1_B17_and_others_SMZ73:JR1166_1_2_D12.out.bam,1502814,61536,1502814.0,960206.0,0.2782408,208.35,0.7599835395812988,0.69466794,0.12099511655970031,0.8185172506354104,0.26778730750083923
onefilepercell_JR1166_1_1_B17_and_others_SMZ73:JR1166_1_2_D13.out.bam,1410868,445720,1410868.0,945078.6,0.27264136,519.84,0.41354578733444214,0.70660484,0.09760580017974918,0.09604275329561932,0.3357071876525879
onefilepercell_JR1166_1_1_B17_and_others_SMZ73:JR1166_1_2_D14.out.bam,1280401,71729,1280401.0,996880.25,0.57497656,82.28,0.45558345317840576,0.33265746,0.5482391702998707,0.18269153662569884,0.4537874460220337
onefilepercell_JR1166_1_1_B17_and_others_SMZ73:JR1166_1_2_D15.out.bam,1548934,72468,1548934.0,979535.94,0.0051665306,523.11,0.028600402176380157,0.9780975,0.934568088428672,0.18896933466435858,0.37487155199050903
onefilepercell_JR1166_1_1_B17_and_others_SMZ73:JR1166_1_2_E02.out.bam,2173930,83475,2173930.0,936563.3,0.04812807,414.03,0.573638379573822,0.93678826,0.4850615282688912,0.38345324933138064,0.30745139718055725
onefilepercell_JR1166_1_1_B17_and_others_SMZ73:JR1166_1_2_E03.out.bam,1519780,125915,1519780.0,979417.25,0.018379033,722.21,0.9660987854003906,0.9569054,0.6760366711212905,0.07418311833857945,0.0865040123462677
onefilepercell_JR1166_1_1_B17_and_others_SMZ73:JR1166_1_2_E04.out.bam,730358,94750,730358.0,902832.25,0.25907463,477.88,0.5841715335845947,0.64164716,0.4220265387159325,0.11893430450612098,0.06896442919969559
onefilepercell_JR1166_1_1_B17_and_others_SMZ73:JR1166_1_2_E05.out.bam,1370425,90671,1370425.0,982227.6,0.31048816,114.71,0.7093169689178467,0.6699261,0.054884975891963894,0.48784317258579835,0.8662318587303162
onefilepercell_JR1166_1_1_B17_and_others_SMZ73:JR1166_1_2_E06.out.bam,710953,49965,710953.0,993695.0,0.003314793,1033.04,0.9803318381309509,0.9774981,0.448308047423279,0.03405212794218861,0.11048166453838348
onefilepercell_JR1166_1_1_B17_and_others_SMZ73:JR1166_1_2_E07.out.bam,1196199,113845,1196199.0,889202.94,0.5138637,159.65,0.0,0.4512905,0.9715910527087627,0.10423278564370156,0.08917535841464996
onefilepercell_JR1166_1_1_B17_and_others_SMZ73:JR1166_1_2_E08.out.bam,1298009,155112,1298009.0,971954.44,0.012978256,946.18,0.7531608939170837,0.96617955,0.7642801431540035,0.07689074791627457,0.09348627179861069
onefilepercell_JR1166_1_1_B17_and_others_SMZ73:JR1166_1_2_E09.out.bam,1606157,78106,1606157.0,969439.3,0.62052876,176.66,0.8390533328056335,0.32995373,0.03511432397497302,1.0,0.8252871036529541
onefilepercell_JR1166_1_1_B17_and_others_SMZ73:JR1166_1_2_E11.out.bam,1203419,77376,1203419.0,970964.3,0.026934862,758.58,0.8194563388824463,0.9396312,0.3708531711719355,0.25142673291322726,0.4492510259151459
onefilepercell_JR1166_1_1_B17_and_others_SMZ73:JR1166_1_2_E12.out.bam,966735,75392,966735.0,954853.56,0.31807387,347.85,0.5037790536880493,0.6374412,0.3760728634321765,0.14760572827219823,0.05730896443128586
onefilepercell_JR1166_1_1_B17_and_others_SMZ73:JR1166_1_2_E13.out.bam,820177,66602,820177.0,822919.2,0.81462026,140.48,0.2202940285205841,0.16557778,0.5410287412488085,0.13409574046886805,0.11343850940465927
onefilepercell_JR1166_1_1_B17_and_others_SMZ73:JR1166_1_2_E15.out.bam,1445811,62650,1445811.0,1004297.25,0.16315353,156.01,0.7758665680885315,0.80542046,0.05295243121592344,0.6523857088019722,0.8016974925994873
onefilepercell_JR1166_1_1_B17_and_others_SMZ73:JR1166_1_2_F02.out.bam,1473152,210967,1473152.0,936165.1,0.5773835,378.14,0.0,0.40561816,0.25423242814265884,0.05710840297800205,0.24651716649532318
onefilepercell_JR1166_1_1_B17_and_others_SMZ73:JR1166_1_2_F03.out.bam,1553443,98570,1553443.0,924304.7,0.686829,92.04,0.4285213351249695,0.27173674,0.46946593437668926,0.3872710989419984,0.720158576965332
onefilepercell_JR1166_1_1_B17_and_others_SMZ73:JR1166_1_2_F04.out.bam,1703456,74669,1703456.0,967454.8,0.2073549,199.59,0.8511757850646973,0.76317865,0.01748315534267431,0.8067934612132808,0.9374849200248718
onefilepercell_JR1166_1_1_B17_and_others_SMZ73:JR1166_1_2_F05.out.bam,1667376,85398,1667376.0,970583.44,0.045392632,248.25,0.0,0.9399029,0.6850959570708925,0.5060199208586459,0.6508762836456299
onefilepercell_JR1166_1_1_B17_and_others_SMZ73:JR1166_1_2_F06.out.bam,760677,45732,760677.0,968955.8,0.1143263,198.77,0.022337641566991806,0.8703491,0.6996415987339536,0.08613050172716748,0.0770225077867508
onefilepercell_JR1166_1_1_B17_and_others_SMZ73:JR1166_1_2_F07.out.bam,1002992,149065,1002992.0,972225.94,0.08104402,400.42,0.8850168585777283,0.8775827,0.34520481635318034,0.12648561385519208,0.16263152658939362
onefilepercell_JR1166_1_1_B17_and_others_SMZ73:JR1166_1_2_F08.out.bam,849411,64796,849411.0,942876.7,0.10933423,187.37,0.2949238419532776,0.8785061,1.0,0.11964729379795291,0.3623587489128113
onefilepercell_JR1166_1_1_B17_and_others_SMZ73:JR1166_1_2_F09.out.bam,458403,48243,458403.0,926291.5,0.003193438,613.49,0.507367730140686,0.96979916,0.7008575121581889,0.11369023573918322,0.06185920909047127
onefilepercell_JR1166_1_1_B17_and_others_SMZ73:JR1166_1_2_F10.out.bam,1430520,90693,1430520.0,983460.75,0.15329361,306.92,0.5361888408660889,0.8110173,0.4050885721771205,0.2259695155309705,0.6294766068458557
onefilepercell_JR1166_1_1_B17_and_others_SMZ73:JR1166_1_2_F11.out.bam,1440005,178120,1440005.0,909986.75,0.017032862,819.02,0.0,0.9665532,0.4843977878905194,0.15086146544454837,0.11041869968175888
onefilepercell_JR1166_1_1_B17_and_others_SMZ73:JR1166_1_2_F12.out.bam,1188193,58207,1188193.0,969290.06,0.008448184,529.21,0.8337936401367188,0.9765443,0.20031508036549303,0.1284624684667773,0.12847906351089478
onefilepercell_JR1166_1_1_B17_and_others_SMZ73:JR1166_1_2_F13.out.bam,1049555,44094,1049555.0,957436.8,0.57886016,155.6,0.7441781163215637,0.38273287,0.1407624680223891,0.7222492662919521,0.4547279477119446
onefilepercell_JR1166_1_1_B17_and_others_SMZ73:JR1166_1_2_F14.out.bam,1081563,358843,1081563.0,936767.94,0.82597244,313.24,0.2713046073913574,0.037308194,0.2169076027263365,0.26047056634528015,0.33899933099746704
onefilepercell_JR1166_1_1_B17_and_others_SMZ73:JR1166_1_2_F15.out.bam,1029621,59465,1029621.0,960295.0,0.12932593,288.21,0.5074863433837891,0.8066985,0.4131251490506223,0.41624886247512816,0.2102285921573639
onefilepercell_JR1166_1_1_B17_and_others_SMZ73:JR1166_1_2_G03.out.bam,1724586,87115,1724586.0,969465.1,0.11846554,219.38,0.5966837406158447,0.8593276,0.27174648218207337,0.4065560068491305,0.5479317307472229
onefilepercell_JR1166_1_1_B17_and_others_SMZ73:JR1166_1_2_G04.out.bam,1460742,91252,1460742.0,890536.06,0.11513275,321.79,0.1945115476846695,0.8672545,1.0,0.12216400817296522,0.045067187398672104
onefilepercell_JR1166_1_1_B17_and_others_SMZ73:JR1166_1_2_G05.out.bam,1161066,74632,1161066.0,918449.56,0.45094442,112.98,0.23627892136573792,0.5317154,0.8274866832901744,0.1316857137088308,0.19754305481910706
onefilepercell_JR1166_1_1_B17_and_others_SMZ73:JR1166_1_2_G06.out.bam,1343762,62527,1343762.0,905683.9,0.014538109,412.6,0.0,0.9675159,0.825185813210889,0.4379602511291269,0.5153704881668091
onefilepercell_JR1166_1_1_B17_and_others_SMZ73:JR1166_1_2_G07.out.bam,1515211,79751,1515211.0,943099.8,0.58346033,235.54,0.4147075414657593,0.32331067,0.49875078324566274,0.5553089200235302,0.2518809139728546
onefilepercell_JR1166_1_1_B17_and_others_SMZ73:JR1166_1_2_G08.out.bam,1503017,75448,1503017.0,947820.56,0.5886886,218.65,0.8223884701728821,0.39536908,0.07419583888498295,0.9782588666074231,0.9262464046478271
onefilepercell_JR1166_1_1_B17_and_others_SMZ73:JR1166_1_2_G09.out.bam,2027064,100292,2027064.0,957892.1,0.23302495,230.45,0.7722054123878479,0.7891641,0.13875603525673952,0.7554049635783092,0.8086407780647278
onefilepercell_JR1166_1_1_B17_and_others_SMZ73:JR1166_1_2_G10.out.bam,1096177,103256,1096177.0,983580.3,0.034795642,315.64,0.562635600566864,0.9442639,0.46607734461538636,0.1520887882696273,0.08731943368911743
onefilepercell_JR1166_1_1_B17_and_others_SMZ73:JR1166_1_2_G11.out.bam,1851951,100206,1851951.0,934703.3,0.49757433,88.96,0.35799944400787354,0.48045853,0.6438442516504272,0.1676702471108817,0.6538669466972351
onefilepercell_JR1166_1_1_B17_and_others_SMZ73:JR1166_1_2_G12.out.bam,1251350,80649,1251350.0,930414.8,0.08795351,201.73,0.1908169388771057,0.8938851,0.7819308015489174,0.22621242033183145,0.43798336386680603
onefilepercell_JR1166_1_1_B17_and_others_SMZ73:JR1166_1_2_G13.out.bam,1032099,49166,1032099.0,936515.06,0.037787735,595.97,0.7495263814926147,0.92368376,0.26665729903620317,0.41235013779444446,0.5854539275169373
onefilepercell_JR1166_1_1_B17_and_others_SMZ73:JR1166_1_2_G14.out.bam,1193049,58741,1193049.0,951643.56,0.18231195,221.37,0.5317149758338928,0.8024516,0.3661499919492294,0.43526827288660036,0.33516725897789
onefilepercell_JR1166_1_1_B17_and_others_SMZ73:JR1166_1_2_G15.out.bam,845117,128225,845117.0,979838.4,0.00078582764,1026.46,0.906880259513855,0.9757651,0.28570199427324766,0.07091843025430992,0.05207880958914757
onefilepercell_JR1166_1_1_B17_and_others_SMZ73:JR1166_1_2_H02.out.bam,1496092,59694,1496092.0,956523.56,0.4140095,103.88,0.6285784244537354,0.5711358,0.28619505840923715,0.5613429331071161,0.9185729622840881
onefilepercell_JR1166_1_1_B17_and_others_SMZ73:JR1166_1_2_H03.out.bam,1568859,116783,1568859.0,968981.0,0.12721151,226.05,0.5263939499855042,0.89588594,0.3940724817010179,0.844814318301518,0.3178272545337677
onefilepercell_JR1166_1_1_B17_and_others_SMZ73:JR1166_1_2_H06.out.bam,991637,44653,991637.0,975239.75,0.25556773,127.42,0.6686368584632874,0.72348475,0.26191387399354654,0.7935461854233341,0.7630022168159485
onefilepercell_JR1166_1_1_B17_and_others_SMZ73:JR1166_1_2_H07.out.bam,1089447,56860,1089447.0,957823.3,0.30678308,176.39,0.7409692406654358,0.67716366,0.1453205676773734,0.7688910646885903,0.8068963289260864
onefilepercell_JR1166_1_1_B17_and_others_SMZ73:JR1166_1_2_H08.out.bam,1392335,51811,1392335.0,907383.6,0.5900819,94.8,0.6301796436309814,0.38413215,0.2011990640140912,0.8041173706205696,0.7030923366546631
onefilepercell_JR1166_1_1_B17_and_others_SMZ73:JR1166_1_2_H09.out.bam,1507392,106900,1507392.0,970065.25,0.035287976,209.5,0.535903811454773,0.95009553,0.4186852655269302,0.3640900079563292,0.2696959972381592
onefilepercell_JR1166_1_1_B17_and_others_SMZ73:JR1166_1_2_H10.out.bam,909420,104278,909420.0,926175.7,0.016854405,520.68,0.15436573326587677,0.9664014,0.9768948256214246,0.10501588829050536,0.026674745604395866
onefilepercell_JR1166_1_1_B17_and_others_SMZ73:JR1166_1_2_H11.out.bam,691882,71825,691882.0,820637.6,0.03138727,680.12,0.566451907157898,0.92679447,0.680773356962344,0.08858133141566155,0.0957440584897995
onefilepercell_JR1166_1_1_B17_and_others_SMZ73:JR1166_1_2_H12.out.bam,632882,50551,632882.0,948871.06,0.0024651885,932.31,0.9194244742393494,0.9814801,0.5806424031075933,0.04705620778385024,0.10284034162759781
onefilepercell_JR1166_1_1_B17_and_others_SMZ73:JR1166_1_2_H13.out.bam,459493,60722,459493.0,756469.8,0.74626446,164.03,0.17842604219913483,0.06483408,0.9334980985129407,0.13727044598505578,0.1293712854385376
onefilepercell_JR1166_1_1_B17_and_others_SMZ73:JR1166_1_2_H14.out.bam,597118,52684,597118.0,1002046.1,0.22347617,132.16,0.0,0.7441177,0.6783262809854063,0.24391212465753975,0.06508239358663559
onefilepercell_JR1166_1_1_B17_and_others_SMZ73:JR1166_1_2_H15.out.bam,826571,116069,826571.0,985384.9,0.23888844,392.38,0.5293325781822205,0.7217672,0.5326807555329712,0.08104532531680216,0.08128087967634201
onefilepercell_JR1166_1_1_B17_and_others_SMZ73:JR1166_1_2_I02.out.bam,1223978,67226,1223978.0,973045.2,0.21777916,302.16,0.6787088513374329,0.7592973,0.3790787504106344,0.5708482131940267,0.08374373614788055
onefilepercell_JR1166_1_1_B17_and_others_SMZ73:JR1166_1_2_I03.out.bam,680234,58765,680234.0,972149.25,0.06750399,277.56,0.6695743799209595,0.9142488,0.3535299383324129,0.23052155678887976,0.13197200000286102
onefilepercell_JR1166_1_1_B17_and_others_SMZ73:JR1166_1_2_I05.out.bam,961870,72842,961870.0,984949.7,0.00082683563,792.24,0.9628196954727173,0.9796665,0.17763525726325635,0.09942139254040275,0.07987574487924576
onefilepercell_JR1166_1_1_B17_and_others_SMZ73:JR1166_1_2_I06.out.bam,1033460,51726,1033460.0,961152.75,0.33149707,119.5,0.415451318025589,0.64602375,0.685210219789236,0.27250478482162405,0.18386274576187134
onefilepercell_JR1166_1_1_B17_and_others_SMZ73:JR1166_1_2_I07.out.bam,1540966,91912,1540966.0,956699.2,0.7020154,173.09,0.14450578391551971,0.24326664,0.35096880850160256,0.2074984499090152,0.3248429000377655
onefilepercell_JR1166_1_1_B17_and_others_SMZ73:JR1166_1_2_I08.out.bam,829865,60624,829865.0,874043.2,0.095621526,385.64,0.49519628286361694,0.88480115,0.3678156967245258,0.27811568178688817,0.10970496386289597
onefilepercell_JR1166_1_1_B17_and_others_SMZ73:JR1166_1_2_I09.out.bam,954084,129320,954084.0,965296.9,0.040623426,559.84,0.8752449154853821,0.9276981,0.5904523685178719,0.04482760712261379,0.13297952711582184
onefilepercell_JR1166_1_1_B17_and_others_SMZ73:JR1166_1_2_I11.out.bam,1780195,112344,1780195.0,973140.5,0.036414385,271.2,0.5883275866508484,0.94352436,0.20787183157182426,0.3860174780910949,0.47068390250205994
onefilepercell_JR1166_1_1_B17_and_others_SMZ73:JR1166_1_2_I13.out.bam,619987,52152,619987.0,963810.5,0.017150879,692.93,0.8049618005752563,0.96158814,0.4219545531634571,0.08417281979505303,0.15501807630062103
onefilepercell_JR1166_1_1_B17_and_others_SMZ73:JR1166_1_2_I14.out.bam,1376136,83563,1376136.0,964135.5,0.036902487,648.75,0.8576593995094299,0.9261072,0.2510508437205666,0.1824866583786959,0.19791832566261292
onefilepercell_JR1166_1_1_B17_and_others_SMZ73:JR1166_1_2_I15.out.bam,1717363,217925,1717363.0,940841.6,0.7107632,478.11,0.36171114444732666,0.19156821,0.017676064200670794,0.3565548657046724,0.4123457074165344
onefilepercell_JR1166_1_1_B17_and_others_SMZ73:JR1166_1_2_I16.out.bam,1491226,74527,1491226.0,994864.9,0.047900856,316.28,0.48214903473854065,0.9324632,0.42428710347458987,0.46999887030143855,0.19915816187858582
onefilepercell_JR1166_1_1_B17_and_others_SMZ73:JR1166_1_2_J02.out.bam,1241771,69175,1241771.0,1006842.8,0.11421937,193.3,0.0,0.8605058,0.35950671645015514,0.5641447576895063,0.4862820506095886
onefilepercell_JR1166_1_1_B17_and_others_SMZ73:JR1166_1_2_J03.out.bam,971671,99593,971671.0,971106.5,0.03724456,809.53,0.876181423664093,0.92364496,0.1920255320634632,0.06563554946907886,0.104573093354702
onefilepercell_JR1166_1_1_B17_and_others_SMZ73:JR1166_1_2_J04.out.bam,825766,89356,825766.0,977237.56,0.022862732,865.13,0.9198817610740662,0.9440878,0.5339112870364063,0.041841978057294886,0.13244320452213287
onefilepercell_JR1166_1_1_B17_and_others_SMZ73:JR1166_1_2_J05.out.bam,1380581,71712,1380581.0,938879.06,0.20151299,158.45,0.6579676866531372,0.8042285,0.28346959075241457,0.9391647508565059,0.3450770080089569
onefilepercell_JR1166_1_1_B17_and_others_SMZ73:JR1166_1_2_J07.out.bam,702034,214396,702034.0,903734.9,0.23233956,563.39,0.47694119811058044,0.7773999,0.2724505279681401,0.28213235648408547,0.25318413972854614
onefilepercell_JR1166_1_1_B17_and_others_SMZ73:JR1166_1_2_J08.out.bam,1222991,53013,1222991.0,954331.3,0.4363867,116.18,0.6017005443572998,0.53918797,0.32283322170225665,0.6024909811304275,0.9210016131401062
onefilepercell_JR1166_1_1_B17_and_others_SMZ73:JR1166_1_2_J09.out.bam,998957,70835,998957.0,887868.06,0.020457625,530.27,0.0,0.962287,1.0,0.19513553710227385,0.020830629393458366
onefilepercell_JR1166_1_1_B17_and_others_SMZ73:JR1166_1_2_J10.out.bam,649952,60399,649952.0,818093.1,0.12718624,273.92,0.37955886125564575,0.84887695,0.4937732980472484,0.10763191296476185,0.052603207528591156
onefilepercell_JR1166_1_1_B17_and_others_SMZ73:JR1166_1_2_J12.out.bam,1740827,131114,1740827.0,957984.9,0.03894967,529.25,0.7634048461914062,0.92380923,0.16775642111416045,0.3388479192477428,0.4149862229824066
onefilepercell_JR1166_1_1_B17_and_others_SMZ73:JR1166_1_2_J15.out.bam,1059296,113548,1059296.0,975194.75,0.7128315,380.18,0.17153781652450562,0.12699679,0.10564628464344057,0.6073974698679347,0.4413646161556244
onefilepercell_JR1166_1_1_B17_and_others_SMZ73:JR1166_1_2_J16.out.bam,1316135,64097,1316135.0,945666.06,0.4860915,236.24,0.6684417724609375,0.4533454,0.24569804579261614,0.9396666512946045,0.8169507384300232
onefilepercell_JR1166_1_1_B17_and_others_SMZ73:JR1166_1_2_K02.out.bam,942810,83485,942810.0,941841.4,0.20211321,197.12,0.26464375853538513,0.77939457,0.7250692752593523,0.10230543038613761,0.06882742792367935
onefilepercell_JR1166_1_1_B17_and_others_SMZ73:JR1166_1_2_K03.out.bam,1169788,64511,1169788.0,943307.8,0.02637583,861.35,0.8872382044792175,0.93801713,0.1212917891070464,0.0222737952683084,0.18789902329444885
onefilepercell_JR1166_1_1_B17_and_others_SMZ73:JR1166_1_2_K04.out.bam,889369,61093,889369.0,946950.8,0.019172132,751.14,0.9255965948104858,0.96272016,0.47305671203906163,0.0836525798505328,0.09637609869241714
onefilepercell_JR1166_1_1_B17_and_others_SMZ73:JR1166_1_2_K05.out.bam,544512,113685,544512.0,988495.9,0.097846866,533.65,0.848151445388794,0.85251236,0.4123322811392711,0.22592954109320815,0.12121917307376862
onefilepercell_JR1166_1_1_B17_and_others_SMZ73:JR1166_1_2_K06.out.bam,1071202,54268,1071202.0,966371.6,0.097431004,213.4,0.3116397261619568,0.8899674,0.9260207001829951,0.061187546937206884,0.6157724261283875
onefilepercell_JR1166_1_1_B17_and_others_SMZ73:JR1166_1_2_K07.out.bam,1145815,76374,1145815.0,970075.1,0.24141729,157.42,0.6001352667808533,0.73611605,0.41416163462139877,0.26405236184102177,0.29757609963417053
onefilepercell_JR1166_1_1_B17_and_others_SMZ73:JR1166_1_2_K08.out.bam,1139873,60063,1139873.0,890317.94,0.026621938,317.15,0.5369935035705566,0.9572775,0.43858544395078997,0.6426457383287874,0.5469828844070435
onefilepercell_JR1166_1_1_B17_and_others_SMZ73:JR1166_1_2_K09.out.bam,888772,57644,888772.0,986474.25,0.032323778,265.8,0.3954436480998993,0.9519642,0.4521689736236925,0.16015404354219015,0.0607406347990036
onefilepercell_JR1166_1_1_B17_and_others_SMZ73:JR1166_1_2_K10.out.bam,1171136,141372,1171136.0,940516.25,0.0705266,366.41,0.038370419293642044,0.91219395,0.9976538389805562,0.12425411030362986,0.04701969400048256
onefilepercell_JR1166_1_1_B17_and_others_SMZ73:JR1166_1_2_K11.out.bam,774350,67621,774350.0,990298.75,0.039388895,301.99,0.3351683020591736,0.94341105,0.532844772631608,0.15508318577808808,0.0747913122177124
onefilepercell_JR1166_1_1_B17_and_others_SMZ73:JR1166_1_2_K12.out.bam,1272888,60673,1272888.0,943397.94,0.38876027,117.75,0.5120259523391724,0.5844188,0.38682094231589687,0.680842692457588,0.871131181716919
onefilepercell_JR1166_1_1_B17_and_others_SMZ73:JR1166_1_2_K15.out.bam,1196727,108653,1196727.0,926178.56,0.11213714,394.88,0.31419283151626587,0.8480088,0.4593414288233143,0.11493104512865156,0.09863686561584473
onefilepercell_JR1166_1_1_B17_and_others_SMZ73:JR1166_1_2_K16.out.bam,1499247,189439,1499247.0,957594.9,0.68357503,546.19,0.43396231532096863,0.21736254,0.016991352057597046,0.3024266166981089,0.4188486933708191
onefilepercell_JR1166_1_1_B17_and_others_SMZ73:JR1166_1_2_L02.out.bam,618851,106198,618851.0,968934.75,0.0,1408.64,0.9401268362998962,0.98858523,0.6330307495409843,0.08000139222130219,0.08493698388338089
onefilepercell_JR1166_1_1_B17_and_others_SMZ73:JR1166_1_2_L03.out.bam,638362,44054,638362.0,964568.0,0.851143,100.71,0.3320198059082031,-0.099125266,0.8433500374696926,0.13916467849169212,0.11388929933309555
onefilepercell_JR1166_1_1_B17_and_others_SMZ73:JR1166_1_2_L04.out.bam,566097,44282,566097.0,961847.3,0.09266931,378.78,0.5158466696739197,0.85120463,0.5471161039619225,0.10184293641444933,0.06197642534971237
onefilepercell_JR1166_1_1_B17_and_others_SMZ73:JR1166_1_2_L06.out.bam,1249765,60244,1249765.0,960273.7,0.04669267,367.74,0.8176387548446655,0.9284978,0.021337294003083603,0.7844891149587041,0.8023760914802551
onefilepercell_JR1166_1_1_B17_and_others_SMZ73:JR1166_1_2_L07.out.bam,351723,45810,351723.0,951103.6,0.008905411,1151.28,0.9753022193908691,0.9645773,0.6362856668993607,0.07554507790319898,0.11686570942401886
onefilepercell_JR1166_1_1_B17_and_others_SMZ73:JR1166_1_2_L08.out.bam,445878,39012,445878.0,988067.0,0.020561337,872.32,0.9654037952423096,0.95135057,0.34921868613441803,0.05246777464412367,0.07123348861932755
onefilepercell_JR1166_1_1_B17_and_others_SMZ73:JR1166_1_2_L09.out.bam,598573,272984,598573.0,909068.5,0.7579596,435.53,0.2600514888763428,0.12158148,0.02751381603697861,0.19563269097278826,0.45714932680130005
onefilepercell_JR1166_1_1_B17_and_others_SMZ73:JR1166_1_2_L10.out.bam,564630,59991,564630.0,948020.8,1.2516975e-06,879.85,0.6769931316375732,0.9812871,0.31739979343325053,0.09672185233101695,0.05237472802400589
onefilepercell_JR1166_1_1_B17_and_others_SMZ73:JR1166_1_2_L11.out.bam,673061,64853,673061.0,957899.5,0.12944335,515.41,0.6146463751792908,0.8003469,0.346869633261979,0.1538933757451099,0.08739963918924332
onefilepercell_JR1166_1_1_B17_and_others_SMZ73:JR1166_1_2_L13.out.bam,570277,38485,570277.0,944229.5,0.50373423,115.15,0.5501385927200317,0.45950755,0.23086083071269828,0.6886382615442798,0.5878846645355225
onefilepercell_JR1166_1_1_B17_and_others_SMZ73:JR1166_1_2_L14.out.bam,1429989,55870,1429989.0,969729.1,0.14217573,139.43,0.690714955329895,0.84305984,0.25659374888662634,0.5586341582802032,0.3421369791030884
onefilepercell_JR1166_1_1_B17_and_others_SMZ73:JR1166_1_2_L15.out.bam,1021057,42363,1021057.0,967672.25,0.27430284,131.8,0.7589992880821228,0.70859116,0.140068356325484,1.0,0.9121274352073669
onefilepercell_JR1166_1_1_B17_and_others_SMZ73:JR1166_1_2_L16.out.bam,1462004,56613,1462004.0,973947.06,0.42615455,204.41,0.8803703784942627,0.5486568,0.018017878991711325,1.0,0.9880526661872864
onefilepercell_JR1166_1_1_B17_and_others_SMZ73:JR1166_1_2_M02.out.bam,899273,76312,899273.0,965708.4,0.013544083,644.58,0.8441537022590637,0.961699,0.3266394479646228,0.20931249181324976,0.10219574719667435
onefilepercell_JR1166_1_1_B17_and_others_SMZ73:JR1166_1_2_M03.out.bam,1191598,82217,1191598.0,979237.6,0.16562366,311.76,0.6253848075866699,0.78140396,0.5324883192600729,0.2715032184447397,0.17721682786941528
onefilepercell_JR1166_1_1_B17_and_others_SMZ73:JR1166_1_2_M04.out.bam,1106197,69732,1106197.0,954857.0,0.041573644,494.2,0.8900867700576782,0.92399293,0.06877949824105148,0.5250889506534349,0.43700307607650757
onefilepercell_JR1166_1_1_B17_and_others_SMZ73:JR1166_1_2_M05.out.bam,1227445,60309,1227445.0,987274.9,0.5178993,173.22,0.6609669923782349,0.4620483,0.21011562229560782,0.9285468416638423,0.685135543346405
onefilepercell_JR1166_1_1_B17_and_others_SMZ73:JR1166_1_2_M07.out.bam,1043462,99818,1043462.0,975230.7,0.7690658,81.86,0.2865610122680664,0.19130327,0.6582400722730912,0.2718075539359422,0.2363836169242859
onefilepercell_JR1166_1_1_B17_and_others_SMZ73:JR1166_1_2_M08.out.bam,1147649,70101,1147649.0,915319.6,0.08968383,249.75,0.29679593443870544,0.8914376,0.705119614547016,0.19895821094973598,0.5706435441970825
onefilepercell_JR1166_1_1_B17_and_others_SMZ73:JR1166_1_2_M09.out.bam,1081507,90763,1081507.0,933690.7,0.15386546,216.71,0.15563839673995972,0.8326678,0.8243001901045095,0.139854835059232,0.1090095266699791
onefilepercell_JR1166_1_1_B17_and_others_SMZ73:JR1166_1_2_M10.out.bam,694286,160089,694286.0,914197.94,0.40718418,526.29,0.3161546587944031,0.58361083,0.012541008005705031,0.276327913218816,0.44437697529792786
onefilepercell_JR1166_1_1_B17_and_others_SMZ73:JR1166_1_2_M11.out.bam,1685047,101765,1685047.0,959415.7,0.3951,119.42,0.7170693874359131,0.58184916,0.15476491506009699,0.7015622902260583,0.9451711177825928
onefilepercell_JR1166_1_1_B17_and_others_SMZ73:JR1166_1_2_M14.out.bam,364828,63667,364828.0,977638.7,0.78124154,431.26,0.48009389638900757,0.13303089,0.015529729349336146,0.39066128738316713,0.43493759632110596
onefilepercell_JR1166_1_1_B17_and_others_SMZ73:JR1166_1_2_M15.out.bam,971465,85155,971465.0,955099.75,0.24432737,214.28,0.45763128995895386,0.7539192,0.5416806059811747,0.8661396432745124,0.3578234016895294
onefilepercell_JR1166_1_1_B17_and_others_SMZ73:JR1166_1_2_M16.out.bam,1200494,57312,1200494.0,954789.7,0.98596805,132.99,0.6630134582519531,-0.4203938,0.22564379745178761,0.7113353506567116,0.838190495967865
onefilepercell_JR1166_1_1_B17_and_others_SMZ73:JR1166_1_2_N01.out.bam,1508669,102883,1508669.0,980067.94,0.17414057,153.92,0.6000013947486877,0.8015193,0.41805829828861446,0.3409054531725243,0.34665659070014954
onefilepercell_JR1166_1_1_B17_and_others_SMZ73:JR1166_1_2_N02.out.bam,1785432,106907,1785432.0,927456.5,0.07334906,403.24,0.3741634488105774,0.89233845,0.7544400450409827,0.4029894082752248,0.17264807224273682
onefilepercell_JR1166_1_1_B17_and_others_SMZ73:JR1166_1_2_N03.out.bam,1275630,62200,1275630.0,965401.3,0.32019842,201.48,0.7986454367637634,0.68873113,0.09766490057760484,0.7779885220868118,0.9319299459457397
onefilepercell_JR1166_1_1_B17_and_others_SMZ73:JR1166_1_2_N05.out.bam,1054246,55716,1054246.0,947609.2,0.20751387,217.16,0.857438325881958,0.77652186,0.036074123040460426,0.7908676971545141,0.9089074730873108
onefilepercell_JR1166_1_1_B17_and_others_SMZ73:JR1166_1_2_N07.out.bam,671597,60812,671597.0,796551.06,0.110797286,257.47,0.21507516503334045,0.86229664,0.5980630677167398,0.15624116489058695,0.08558477461338043
onefilepercell_JR1166_1_1_B17_and_others_SMZ73:JR1166_1_2_N09.out.bam,722820,67843,722820.0,988999.8,0.023178041,694.74,0.9800311326980591,0.94648784,0.1142360085561613,0.07986605191610299,0.16357247531414032
onefilepercell_JR1166_1_1_B17_and_others_SMZ73:JR1166_1_2_N10.out.bam,814063,123448,814063.0,975477.44,0.014929354,865.71,0.9212762713432312,0.96621555,0.18590410301321875,0.06513122492417743,0.07331278920173645
onefilepercell_JR1166_1_1_B17_and_others_SMZ73:JR1166_1_2_N11.out.bam,821005,135135,821005.0,927110.06,0.0,1006.75,0.9270817041397095,0.97520477,0.5638529159414609,0.1682557521822197,0.09360944479703903
onefilepercell_JR1166_1_1_B17_and_others_SMZ73:JR1166_1_2_N12.out.bam,1173485,91486,1173485.0,964209.9,0.05303973,280.39,0.30929791927337646,0.9294354,1.0,0.2298898884359366,0.5142408609390259
onefilepercell_JR1166_1_1_B17_and_others_SMZ73:JR1166_1_2_N13.out.bam,1202144,87069,1202144.0,964072.25,0.06285107,274.49,0.12629014253616333,0.9179638,0.9145949944152992,0.11206433581531731,0.7251753211021423
onefilepercell_JR1166_1_1_B17_and_others_SMZ73:JR1166_1_2_N14.out.bam,543312,56739,543312.0,988828.25,0.16183084,335.96,0.6766813397407532,0.8213048,0.35096571952367783,0.09233513742426584,0.07684231549501419
onefilepercell_JR1166_1_1_B17_and_others_SMZ73:JR1166_1_2_N15.out.bam,523109,304065,523109.0,919836.4,0.80383074,447.81,0.13371720910072327,0.1514499,0.03134205614415955,0.2397169460141445,0.34917497634887695
onefilepercell_JR1166_1_1_B17_and_others_SMZ73:JR1166_1_2_O02.out.bam,1096094,90764,1096094.0,901055.4,0.18661088,174.61,0.22595958411693573,0.7989035,0.928463313884459,0.09738459178262623,0.054028548300266266
onefilepercell_JR1166_1_1_B17_and_others_SMZ73:JR1166_1_2_O03.out.bam,1223237,65103,1223237.0,973476.3,0.40538192,218.65,0.8122502565383911,0.60785294,0.15197457806051554,1.0,0.882697343826294
onefilepercell_JR1166_1_1_B17_and_others_SMZ73:JR1166_1_2_O04.out.bam,748890,56417,748890.0,997776.75,0.013613343,813.26,0.9894987344741821,0.96472657,0.34277879951764445,0.06363094117456883,0.10894718766212463
onefilepercell_JR1166_1_1_B17_and_others_SMZ73:JR1166_1_2_O06.out.bam,516665,42293,516665.0,995424.3,0.017228544,518.32,0.6947847604751587,0.9592435,0.46686017739312613,0.09555294085328898,0.09960184246301651
onefilepercell_JR1166_1_1_B17_and_others_SMZ73:JR1166_1_2_O08.out.bam,774793,74911,774793.0,958506.7,0.10208446,278.86,0.0,0.88431007,0.5756638187119728,0.13355050727273654,0.044113487005233765
onefilepercell_JR1166_1_1_B17_and_others_SMZ73:JR1166_1_2_O09.out.bam,1309825,106245,1309825.0,978356.75,0.39596397,209.34,0.8100140690803528,0.6206217,0.05012362226109741,0.9448146888656583,0.4657832682132721
onefilepercell_JR1166_1_1_B17_and_others_SMZ73:JR1166_1_2_O11.out.bam,818369,96741,818369.0,889009.8,0.0,1545.09,0.9092186093330383,0.987008,0.6216524700472429,0.19250389854198882,0.1004253476858139
onefilepercell_JR1166_1_1_B17_and_others_SMZ73:JR1166_1_2_O13.out.bam,539866,195185,539866.0,942740.44,0.6511241,479.95,0.36499568819999695,0.25412363,0.17073605513765125,0.2425940298747433,0.3637198507785797
onefilepercell_JR1166_1_1_B17_and_others_SMZ73:JR1166_1_2_O15.out.bam,1170049,6262,1170049.0,897199.75,0.52344275,366.25,0.6698761582374573,0.55152863,0.30701654354702884,0.22736933250270994,0.2130495011806488
onefilepercell_JR1166_1_1_B17_and_others_SMZ73:JR1166_1_2_O16.out.bam,467360,31663,467360.0,979979.4,0.045511484,315.27,0.6410305500030518,0.9271569,0.3410097976740691,0.2818093720466941,0.0903860479593277
onefilepercell_JR1166_1_1_B17_and_others_SMZ73:JR1166_1_2_P03.out.bam,912747,68952,912747.0,968002.75,0.09318471,219.13,0.3291268050670624,0.8490267,0.5568758772935093,0.3018184859687751,0.17092935740947723
onefilepercell_JR1166_1_1_B17_and_others_SMZ73:JR1166_1_2_P04.out.bam,636818,146733,636818.0,944791.94,0.58914995,411.49,0.3006114661693573,0.28847262,0.019563665457149812,0.21198538018439533,0.42464983463287354
onefilepercell_JR1166_1_1_B17_and_others_SMZ73:JR1166_1_2_P05.out.bam,1205059,68128,1205059.0,960226.5,0.43181258,221.76,0.8360905051231384,0.66343904,0.049106741164276484,1.0,0.8878391981124878
onefilepercell_JR1166_1_1_B17_and_others_SMZ73:JR1166_1_2_P06.out.bam,740939,52611,740939.0,979177.0,0.28019637,162.81,0.6819031238555908,0.65404844,0.3261481737136663,0.14035447312697288,0.08074988424777985
onefilepercell_JR1166_1_1_B17_and_others_SMZ73:JR1166_1_2_P07.out.bam,765476,130020,765476.0,971717.94,0.46261144,484.53,0.36215633153915405,0.50135696,0.09949125062577595,0.30357625377456926,0.42572861909866333
onefilepercell_JR1166_1_1_B17_and_others_SMZ73:JR1166_1_2_P10.out.bam,861261,233315,861261.0,977439.1,0.36890894,542.42,0.45347756147384644,0.6362975,0.016737436303590442,0.17699382227396904,0.4373215436935425
onefilepercell_JR1166_1_1_B17_and_others_SMZ73:JR1166_1_2_P11.out.bam,575947,58679,575947.0,956869.8,0.0040504336,817.61,0.8740532398223877,0.97154135,0.3054773634124709,0.08623813454253437,0.07830042392015457
onefilepercell_JR1166_1_1_B17_and_others_SMZ73:JR1166_1_2_P12.out.bam,974495,69255,974495.0,984026.56,0.01472044,746.21,0.9257881045341492,0.9659663,0.3539625217647255,0.05614811484315966,0.267974317073822
onefilepercell_JR1166_1_1_B17_and_others_SMZ73:JR1166_1_2_P14.out.bam,478276,64906,478276.0,975123.56,0.009398043,896.31,0.9104601144790649,0.9726188,0.5681803665412354,0.05427821627570128,0.09916339069604874
onefilepercell_JR1166_1_1_B17_and_others_SMZ73:JR1166_1_2_P15.out.bam,1213799,83010,1213799.0,947400.44,0.046699405,534.21,0.818843424320221,0.9092598,0.19006466427654722,0.41409690885566014,0.477363646030426
onefilepercell_JR1166_1_1_B17_and_others_SMZ73:JR1166_1_2_P16.out.bam,740294,58473,740294.0,991698.8,0.015022874,730.04,0.9621686339378357,0.9624283,0.3701103715815644,0.20695218347645944,0.13793949782848358
onefilepercell_JR1227_1_1_G19_and_others_BYWTI:JR1227_1_1_G19.out.bam,1018931,62149,1018931.0,959502.44,0.00476563,934.83,0.9855459332466125,0.9788309,0.34374566240982696,0.015000157811753425,0.07787005603313446
onefilepercell_JR1227_1_1_G19_and_others_BYWTI:JR1227_1_1_H05.out.bam,1410645,246715,1410645.0,943888.6,0.5967021,477.6,0.22555722296237946,0.26856667,0.02689292742062426,0.4356178313547568,0.4132298529148102
onefilepercell_JR1227_1_1_G19_and_others_BYWTI:JR1227_1_1_J08.out.bam,1524625,250826,1524625.0,949380.94,0.33539635,572.14,0.5345759391784668,0.6095527,0.09949238809262356,0.3235791770802536,0.3300700783729553
onefilepercell_JR1227_1_1_G19_and_others_BYWTI:JR1227_1_1_K05.out.bam,803409,176837,803409.0,953364.8,0.545467,583.86,0.5285439491271973,0.45745203,0.037109815643410586,0.3634271100272526,0.4291988015174866
onefilepercell_JR1227_1_1_G19_and_others_BYWTI:JR1227_1_1_M19.out.bam,1280157,64989,1280157.0,942515.5,0.5891516,192.56,0.31748461723327637,0.28533208,0.23698550130799173,0.17244388821218068,0.0606059692800045
onefilepercell_JR1227_1_1_G19_and_others_BYWTI:JR1227_1_1_N02.out.bam,1426142,81423,1426142.0,968174.25,0.0028416514,891.72,0.8949258327484131,0.97856766,0.4114723563471291,0.04364397896207987,0.07508447021245956
onefilepercell_JR1227_1_1_G19_and_others_BYWTI:JR1227_1_2_A04.out.bam,1389844,32486,1389844.0,937933.56,0.12759924,291.99,0.0,0.8516532,0.48601599858270367,0.2874499757776319,0.6041497588157654
onefilepercell_JR1227_1_1_G19_and_others_BYWTI:JR1227_1_2_A05.out.bam,1853363,146272,1853363.0,997460.56,0.82656926,330.98,0.2685953378677368,0.03412743,0.010209653383969258,0.5195777342887035,0.437094122171402
onefilepercell_JR1227_1_1_G19_and_others_BYWTI:JR1227_1_2_B07.out.bam,1666149,68895,1666149.0,998808.56,0.036943853,762.17,0.8001405596733093,0.9311392,0.5278687824767225,0.08393583249908197,0.10903866589069366
onefilepercell_JR1227_1_1_G19_and_others_BYWTI:JR1227_1_2_B08.out.bam,1259232,44971,1259232.0,955783.75,0.093919516,511.46,0.2729793190956116,0.8688147,0.6099965048577958,0.32000759627457825,0.13199731707572937
onefilepercell_JR1227_1_1_G19_and_others_BYWTI:JR1227_1_2_C04.out.bam,1421586,41253,1421586.0,936236.6,0.67620313,152.2,0.3754880726337433,0.3007254,0.4982753537495685,0.24107731093258944,0.13665753602981567
onefilepercell_JR1227_1_1_G19_and_others_BYWTI:JR1227_1_2_D03.out.bam,921505,43291,921505.0,930765.9,0.20870286,506.62,0.60965895652771,0.7687447,0.2279160383968799,0.21011023765583256,0.13102403283119202
onefilepercell_JR1227_1_1_G19_and_others_BYWTI:JR1227_1_2_D07.out.bam,1049226,42516,1049226.0,1010576.4,0.014987886,383.45,0.7618767023086548,0.96795106,0.3924673719622486,0.11188931206701506,0.06305032223463058
onefilepercell_JR1227_1_1_G19_and_others_BYWTI:JR1227_1_2_E01.out.bam,1790074,104369,1790074.0,986058.44,0.03832376,429.88,0.7871073484420776,0.94439775,0.27050421494345855,0.0883793309619501,0.07294879108667374
onefilepercell_JR1227_1_1_G19_and_others_BYWTI:JR1227_1_2_E02.out.bam,921962,65815,921962.0,997653.2,0.0,1044.67,0.9339683055877686,0.9827724,0.2903089000693567,0.04597747043610995,0.06154925003647804
onefilepercell_JR1227_1_1_G19_and_others_BYWTI:JR1227_1_2_E03.out.bam,974655,46602,974655.0,989180.0,0.7514213,97.64,0.2131306231021881,0.25726053,0.571478285353915,0.11023148901834733,0.0728573203086853
onefilepercell_JR1227_1_1_G19_and_others_BYWTI:JR1227_1_2_E07.out.bam,1507099,132937,1507099.0,977665.75,0.38153315,555.04,0.5065507292747498,0.6002722,0.022961762049857934,0.2756312594291373,0.37448692321777344
onefilepercell_JR1227_1_1_G19_and_others_BYWTI:JR1227_1_2_F01.out.bam,1410517,157706,1410517.0,988548.6,0.41765094,417.39,0.43598252534866333,0.5739777,0.04830685352261902,0.383649783830412,0.4116474986076355
onefilepercell_JR1227_1_1_G19_and_others_BYWTI:JR1227_1_2_F02.out.bam,993424,99660,993424.0,977069.9,0.26443064,638.46,0.5817230343818665,0.7304896,0.09085548594681402,0.33004044088220136,0.3846893906593323
onefilepercell_JR1227_1_1_G19_and_others_BYWTI:JR1227_1_2_G03.out.bam,2395977,75734,2395977.0,981467.94,0.111961484,184.94,0.5227562785148621,0.87364644,0.2439782352208457,0.3839812786922131,0.67922443151474
onefilepercell_JR1227_1_1_G19_and_others_BYWTI:JR1227_1_2_G07.out.bam,2862137,234057,2862137.0,974936.94,0.67241037,410.92,0.2881667912006378,0.21918166,0.011967010601292209,0.4580412270899503,0.42152661085128784
onefilepercell_JR1227_1_1_G19_and_others_BYWTI:JR1227_1_2_H01.out.bam,2048761,252911,2048761.0,995002.4,0.295806,617.16,0.47314295172691345,0.6740325,0.06675474037317507,0.40283410396044567,0.37058913707733154
onefilepercell_JR1227_1_1_G19_and_others_BYWTI:JR1227_1_2_H05.out.bam,2294965,116637,2294965.0,986159.1,0.16526508,402.0,0.731208086013794,0.7531912,0.5113720486295165,0.17057388076966445,0.08358461409807205
onefilepercell_JR1227_1_1_G19_and_others_BYWTI:JR1227_1_2_H07.out.bam,725112,41997,725112.0,971885.8,0.06812608,372.5,0.0,0.91212714,0.5188752146295199,0.12765374199021465,0.12564922869205475
onefilepercell_JR1227_1_1_G19_and_others_BYWTI:JR1227_1_2_H08.out.bam,2177011,76613,2177011.0,967673.06,0.13086003,287.47,0.5552201867103577,0.8462007,0.2712115227559782,0.2928769751317827,0.5799908638000488
onefilepercell_JR1227_1_1_G19_and_others_BYWTI:JR1227_1_2_I05.out.bam,1232982,98812,1232982.0,986983.44,0.4318245,220.48,0.3771570026874542,0.53753746,0.4761790907719116,0.09435627181290134,0.057283222675323486
onefilepercell_JR1227_1_1_G19_and_others_BYWTI:JR1227_1_2_I06.out.bam,1087230,106815,1087230.0,996322.06,0.78241324,475.66,0.5232950448989868,0.07809061,0.01378273751051454,0.46832633687453384,0.4276168644428253
onefilepercell_JR1227_1_1_G19_and_others_BYWTI:JR1227_1_2_I07.out.bam,633009,38709,633009.0,988531.1,0.060461044,669.94,0.6451277136802673,0.8946478,0.33906563680720114,0.0830292405607649,0.12892644107341766
onefilepercell_JR1227_1_1_G19_and_others_BYWTI:JR1227_1_2_J04.out.bam,1207413,66925,1207413.0,979761.7,0.06662667,727.82,0.7108079791069031,0.8968808,0.29786165626296,0.23235066247639438,0.09465398639440536
onefilepercell_JR1227_1_1_G19_and_others_BYWTI:JR1227_1_2_J05.out.bam,1647794,100240,1647794.0,1000381.56,0.05227822,277.44,0.42577216029167175,0.9270825,1.0,0.0624470898080419,0.06164051219820976
onefilepercell_JR1227_1_1_G19_and_others_BYWTI:JR1227_1_2_J08.out.bam,527673,80299,527673.0,897681.6,0.64464855,205.55,0.3395019471645355,0.2601445,0.5041595716069347,0.12707089379521866,0.15225355327129364
onefilepercell_JR1227_1_1_G19_and_others_BYWTI:JR1227_1_2_K01.out.bam,939066,40122,939066.0,955251.2,0.041278422,712.64,0.6833938360214233,0.933964,0.47893410041691353,0.08489361050612675,0.13467568159103394
onefilepercell_JR1227_1_1_G19_and_others_BYWTI:JR1227_1_2_K02.out.bam,2368644,87094,2368644.0,974611.25,0.10032433,294.32,0.30789893865585327,0.8586735,0.5797684420875955,0.31973040947015435,0.5653621554374695
onefilepercell_JR1227_1_1_G19_and_others_BYWTI:JR1227_1_2_K03.out.bam,861984,60725,861984.0,1001147.4,0.0034152865,666.0,0.7751243710517883,0.9401788,0.3252445043360221,0.1565083641058275,0.09381729364395142
onefilepercell_JR1227_1_1_G19_and_others_BYWTI:JR1227_1_2_K05.out.bam,1245575,75634,1245575.0,970576.8,0.0031215549,925.24,0.9194712042808533,0.97772765,0.3249135720950457,0.030082806302439227,0.0864008292555809
onefilepercell_JR1227_1_1_G19_and_others_BYWTI:JR1227_1_2_L02.out.bam,990314,43535,990314.0,991445.94,0.0028921366,857.84,0.9219167828559875,0.9803975,0.40013195595858686,0.054264366834865886,0.07506149262189865
onefilepercell_JR1227_1_1_G19_and_others_BYWTI:JR1227_1_2_L03.out.bam,711887,88027,711887.0,970744.1,0.69629896,411.09,0.20343585312366486,0.15322375,0.09486124227714347,0.2871869166789291,0.42026105523109436
onefilepercell_JR1227_1_1_G19_and_others_BYWTI:JR1227_1_2_L04.out.bam,1240595,86472,1240595.0,979786.4,0.45648402,181.81,0.32214927673339844,0.5043559,0.5021515857602414,0.1632559543216891,0.1331152468919754
onefilepercell_JR1227_1_1_G19_and_others_BYWTI:JR1227_1_2_L07.out.bam,2491518,97029,2491518.0,980610.44,0.004880011,472.47,0.07107463479042053,0.9763181,0.8562350209667966,0.14938801976045074,0.5464259386062622
onefilepercell_JR1227_1_1_G19_and_others_BYWTI:JR1227_1_2_M08.out.bam,1959642,106649,1959642.0,1007719.7,0.08007091,447.39,0.5658733248710632,0.8818032,0.333123912400233,0.1527135783377287,0.10637348890304565
onefilepercell_JR1227_1_1_G19_and_others_BYWTI:JR1227_1_2_N06.out.bam,1841453,131118,1841453.0,1002490.6,0.6864243,467.8,0.20347584784030914,0.19892375,0.16327908224824245,0.1954075272595656,0.3825377821922302
onefilepercell_JR1227_1_1_G19_and_others_BYWTI:JR1227_1_2_O03.out.bam,1318964,33242,1318964.0,916261.44,0.0069274306,409.58,0.0,0.9786665,0.4221742308171274,0.2945685404765296,0.84176105260849
onefilepercell_JR1227_1_1_G19_and_others_BYWTI:JR1227_1_2_O04.out.bam,706083,37433,706083.0,913982.7,0.4972689,245.69,0.11248821765184402,0.48569018,0.5247643814364843,0.1475527761966843,0.15088777244091034
onefilepercell_JR1227_1_1_G19_and_others_BYWTI:JR1227_1_2_O05.out.bam,1304820,91641,1304820.0,947057.3,0.29630816,108.71,0.1952114999294281,0.67085856,0.6577644350375743,0.11964019970286253,0.10442779213190079
onefilepercell_JR1227_1_1_G19_and_others_BYWTI:JR1227_1_2_O06.out.bam,1856932,199515,1856932.0,992575.7,0.66957444,453.31,0.31665652990341187,0.24469586,0.1100097426727276,0.22747213653285,0.3949701488018036
onefilepercell_JR1227_1_1_G19_and_others_BYWTI:JR1227_1_2_O07.out.bam,1050630,85459,1050630.0,984389.4,0.298281,150.48,0.0,0.6815754,0.31403805164409315,0.12322047838900298,0.11308515071868896
onefilepercell_JR1227_1_1_G19_and_others_BYWTI:JR1227_1_2_P01.out.bam,492134,19868,492134.0,1030258.8,0.12485498,503.34,0.6851378083229065,0.9225757,0.4019280161737812,0.18883719124608936,0.18664705753326416
onefilepercell_JR1227_1_1_G19_and_others_BYWTI:JR1227_1_2_P04.out.bam,1144456,89073,1144456.0,1000115.94,0.7398098,365.58,0.2562547028064728,0.10258442,0.09563479539871025,0.45946382521218226,0.4329585134983063
onefilepercell_JR1227_1_1_G19_and_others_BYWTI:JR1227_1_2_P05.out.bam,1020060,60219,1020060.0,954436.9,0.37376082,402.84,0.4701772630214691,0.62304264,0.35300210836161894,0.1633993495625512,0.13543429970741272
onefilepercell_JR1227_1_1_G19_and_others_BYWTI:JR1227_1_2_P07.out.bam,694676,33810,694676.0,981289.8,0.09692007,226.14,0.6477480530738831,0.87921214,0.4141887245541287,0.16627804634711893,0.08760152012109756
onefilepercell_JR1227_1_1_G19_and_others_BYWTI:JR1227_1_3_D02.out.bam,2083631,236299,2083631.0,977489.7,0.7449017,364.85,0.2878636121749878,-0.0405376,0.16993056822628552,0.4071467174024843,0.23289579153060913
onefilepercell_JR1227_1_1_G19_and_others_BYWTI:JR1227_1_3_E01.out.bam,2293438,109900,2293438.0,973610.4,0.29573315,243.35,0.0,0.6630096,0.16376328305655863,0.3635305197512844,0.6489680409431458
onefilepercell_JR1227_1_1_G19_and_others_BYWTI:JR1227_1_3_H02.out.bam,843277,46907,843277.0,979941.75,0.062083542,285.82,0.09320075809955597,0.9221569,0.42553128008834457,0.08537140954665237,0.09059495478868484
onefilepercell_JR1227_1_1_G19_and_others_BYWTI:JR1227_1_3_I01.out.bam,2032992,115893,2032992.0,979380.5,0.6678914,220.74,0.08744531869888306,0.22593528,0.4777744341258163,0.24924019380521562,0.18763628602027893
onefilepercell_JR1227_1_1_G19_and_others_BYWTI:JR1227_1_3_J02.out.bam,2042499,84830,2042499.0,946717.2,0.01827854,530.81,0.5002219676971436,0.95724237,0.4814933309723726,0.2186932667097879,0.14726613461971283
onefilepercell_JR1227_1_1_G19_and_others_BYWTI:JR1227_1_3_K01.out.bam,751582,52641,751582.0,994188.2,0.01565206,983.06,0.7466150522232056,0.9643978,0.4124204958582336,0.08723900330915338,0.05772146210074425
onefilepercell_JR1227_1_1_G19_and_others_BYWTI:JR1227_1_3_L02.out.bam,1057577,30347,1057577.0,938525.5,0.030739188,474.35,0.0,0.9554456,0.6640520126616258,0.3456488461784516,0.2414901703596115
onefilepercell_JR1284_1_1_A12_and_others_S9V4Q:JR1284_1_1_A12.out.bam,388082,33559,388082.0,997433.5,0.7549311,295.01,0.48591744899749756,0.048578314,0.012812128490888324,0.4848955805617457,0.43216776847839355
onefilepercell_JR1284_1_1_A12_and_others_S9V4Q:JR1284_1_1_E04.out.bam,236627,18178,236627.0,969658.56,0.47711062,587.6,0.5756988525390625,0.51494694,0.034571878142871805,0.4556770133151123,0.39286598563194275
onefilepercell_JR1284_1_1_A12_and_others_S9V4Q:JR1284_1_1_F09.out.bam,897424,110053,897424.0,975816.25,0.44631606,527.58,0.4271208941936493,0.56334513,0.01605473928938645,0.6137800519054395,0.43526968359947205
onefilepercell_JR1284_1_1_A12_and_others_S9V4Q:JR1284_1_1_H07.out.bam,2200191,113251,2200191.0,953076.5,0.48457575,172.85,0.313381165266037,0.47827837,0.6559244406530228,0.13230162548879854,0.17764633893966675
onefilepercell_JR1284_1_1_A12_and_others_S9V4Q:JR1284_1_2_O04.out.bam,549047,58803,549047.0,962772.44,0.0018826127,1082.57,0.9604726433753967,0.9801347,0.3348242506546088,0.16410617757848087,0.08781298249959946
onefilepercell_JR1284_1_1_A12_and_others_S9V4Q:JR1284_1_3_B12.out.bam,1685367,168366,1685367.0,948262.5,0.32136846,549.62,0.0035440002102404833,0.6456937,0.1335999532809122,0.4857787621802516,0.40403106808662415
onefilepercell_JR1284_1_1_A12_and_others_S9V4Q:JR1284_1_3_K06.out.bam,1502971,183730,1502971.0,969216.5,0.7761906,391.7,0.5138377547264099,0.08369655,0.042511533319388,0.439961778565026,0.43389326333999634
onefilepercell_JR1284_1_1_A12_and_others_S9V4Q:JR1284_1_4_A03.out.bam,1657620,286175,1657620.0,956343.0,0.33225542,606.97,0.4766790568828583,0.66305137,0.024271044858190552,0.2461546692523714,0.36588531732559204
onefilepercell_JR1284_1_1_A12_and_others_S9V4Q:JR1284_1_4_A05.out.bam,500915,48976,500915.0,783561.06,0.21485686,304.41,0.512319028377533,0.7537787,0.39094703049457236,0.22448512988948766,0.1145949512720108
onefilepercell_JR1284_1_1_A12_and_others_S9V4Q:JR1284_1_4_B01.out.bam,1210694,268249,1210694.0,914838.6,0.41308314,502.47,0.5377461910247803,0.6007271,0.08725468556070189,0.4318988250518286,0.3950441777706146
onefilepercell_JR1284_1_1_A12_and_others_S9V4Q:JR1284_1_4_B05.out.bam,708506,65327,708506.0,895798.1,0.3175794,470.2,0.5967543125152588,0.7605035,0.16151707997055487,0.24998763573377195,0.20214669406414032
onefilepercell_JR1284_1_1_A12_and_others_S9V4Q:JR1284_1_4_C03.out.bam,1506596,144792,1506596.0,896580.7,0.62297404,305.38,0.5866014957427979,0.43645486,0.031806707092460355,0.48776454648645656,0.3423837721347809
onefilepercell_JR1284_1_1_A12_and_others_S9V4Q:JR1284_1_4_C05.out.bam,406286,51324,406286.0,954172.06,0.19605243,466.72,0.5379070043563843,0.79076046,0.28573993753681354,0.28632630660036174,0.20513544976711273
onefilepercell_JR1284_1_1_A12_and_others_S9V4Q:JR1284_1_4_C06.out.bam,310210,31696,310210.0,922703.4,0.53377044,234.36,0.4159270226955414,0.4379667,0.6053700442040026,0.11714156852929103,0.17726510763168335
onefilepercell_JR1284_1_1_A12_and_others_S9V4Q:JR1284_1_4_D02.out.bam,1277027,148921,1277027.0,886694.75,0.72875637,528.97,0.5128663182258606,0.13758719,0.03351105500632385,0.4512294218532671,0.43618637323379517
onefilepercell_JR1284_1_1_A12_and_others_S9V4Q:JR1284_1_4_D04.out.bam,787816,50134,787816.0,914517.6,0.41244924,427.65,0.7021400928497314,0.52852756,0.24609804449880757,0.13115851230765393,0.0988970398902893
onefilepercell_JR1284_1_1_A12_and_others_S9V4Q:JR1284_1_4_D05.out.bam,1153733,93468,1153733.0,907975.1,0.7514123,286.75,0.5234230756759644,0.11532281,0.012516924990301517,0.523208351913176,0.3642372190952301
onefilepercell_JR1284_1_1_A12_and_others_S9V4Q:JR1284_1_4_E01.out.bam,368485,36800,368485.0,976870.25,0.0010151863,803.56,0.9571868181228638,0.9835975,0.42392075477413,0.0,0.09352179616689682
onefilepercell_JR1284_1_1_A12_and_others_S9V4Q:JR1284_1_4_E05.out.bam,829870,85985,829870.0,946826.3,0.03991419,433.9,0.3671192228794098,0.94317985,0.693478878419086,0.13274170114036868,0.12454362213611603
onefilepercell_JR1284_1_1_A12_and_others_S9V4Q:JR1284_1_4_G04.out.bam,1369801,193645,1369801.0,940636.6,0.4009272,582.61,0.5205773711204529,0.5964445,0.01923419450947397,0.5102004374386271,0.43406644463539124
onefilepercell_JR1284_1_1_A12_and_others_S9V4Q:JR1284_1_4_H03.out.bam,967288,130057,967288.0,927611.4,0.5907486,556.87,0.3367907702922821,0.38199064,0.06598293187190754,0.41143003869519607,0.38606560230255127
onefilepercell_JR1284_1_1_A12_and_others_S9V4Q:JR1284_1_4_J02.out.bam,1913217,236631,1913217.0,940832.7,0.6856977,306.28,0.3919045031070709,0.1899891,0.011722985703764238,0.6075527346724647,0.4190990626811981
onefilepercell_JR1284_1_1_A12_and_others_S9V4Q:JR1284_1_4_J04.out.bam,1290840,74683,1290840.0,930328.4,0.7051756,453.14,0.48736926913261414,0.2092131,0.015023261727251314,0.532430404434023,0.4030233323574066
onefilepercell_JR1284_1_1_A12_and_others_S9V4Q:JR1284_1_4_K01.out.bam,290155,64211,290155.0,972937.25,0.1379587,594.8,0.8115447759628296,0.88680136,0.6747910915870216,0.2420016832105493,0.20436938107013702
onefilepercell_JR1284_1_1_A12_and_others_S9V4Q:JR1284_1_4_K06.out.bam,1339073,95363,1339073.0,945442.06,0.6178968,391.23,0.3062918782234192,0.30870396,0.010744859665429873,0.3942452697611452,0.4165385663509369
onefilepercell_JR1284_1_1_A12_and_others_S9V4Q:JR1284_1_4_L01.out.bam,1508853,204624,1508853.0,966353.9,0.42756766,355.99,0.5553101301193237,0.59947175,0.08583409770669397,0.46560854022384884,0.3733619749546051
onefilepercell_JR1284_1_1_A12_and_others_S9V4Q:JR1284_1_4_L02.out.bam,630595,37461,630595.0,973147.2,0.008265138,1198.47,0.8395839333534241,0.964387,0.4569185745569115,0.08464156013977674,0.1656932532787323
onefilepercell_JR1284_1_1_A12_and_others_S9V4Q:JR1284_1_4_M06.out.bam,412234,26267,412234.0,1010782.6,0.007155597,702.26,0.9164156317710876,0.97204816,0.5074268405699843,0.01371095673255054,0.08277025073766708
onefilepercell_JR1284_1_1_A12_and_others_S9V4Q:JR1284_1_4_N01.out.bam,725515,113338,725515.0,965896.56,0.0,1036.52,0.9666905403137207,0.9860452,0.355278084595024,0.01674459145399095,0.10417527705430984
onefilepercell_JR1284_1_1_A12_and_others_S9V4Q:JR1284_1_4_N03.out.bam,531848,47445,531848.0,817147.5,0.51321745,255.76,0.20156806707382202,0.44645062,0.5554865831723063,0.13545434964000047,0.1823248714208603
onefilepercell_JR1284_1_1_A12_and_others_S9V4Q:JR1284_1_4_N04.out.bam,1446230,116568,1446230.0,933345.7,0.77028596,415.03,0.44055110216140747,0.081823185,0.07974492614574308,0.5874488080337119,0.449077844619751
onefilepercell_JR1284_1_1_A12_and_others_S9V4Q:JR1284_1_4_O01.out.bam,751008,61221,751008.0,937871.2,0.07838434,847.98,0.7031051516532898,0.8815987,0.27344318167635656,0.23925394153967597,0.13497883081436157
onefilepercell_JR1284_1_1_A12_and_others_S9V4Q:JR1284_1_4_O03.out.bam,1434657,260223,1434657.0,971418.5,0.54653025,580.91,0.5144615769386292,0.40533432,0.015609195692786968,0.3038689937083746,0.4092961251735687
onefilepercell_JR1284_1_1_A12_and_others_S9V4Q:JR1284_1_5_A02.out.bam,412357,32591,412357.0,976511.06,0.6003002,396.77,0.5190911293029785,0.42786518,0.011514804311849746,0.4897629854109677,0.4275553822517395
onefilepercell_JR1284_1_1_A12_and_others_S9V4Q:JR1284_1_5_A04.out.bam,5790619,317663,5790619.0,964221.75,0.063355565,872.59,0.8551759123802185,0.8879316,0.45996533243498516,0.07299335934836224,0.12610171735286713
onefilepercell_JR1284_1_1_A12_and_others_S9V4Q:JR1284_1_5_A06.out.bam,376233,20458,376233.0,1023163.1,0.0050150156,1392.99,0.9380660057067871,0.9786981,0.5534490434471124,0.05059088152102111,0.11622153967618942
onefilepercell_JR1284_1_1_A12_and_others_S9V4Q:JR1284_1_5_B05.out.bam,419081,33042,419081.0,976015.7,0.77042407,286.75,0.3553919196128845,0.10650881,0.006949625677220234,0.6307227640783374,0.4190005660057068
onefilepercell_JR1284_1_1_A12_and_others_S9V4Q:JR1284_1_5_B06.out.bam,267139,11668,267139.0,994500.4,0.5656315,423.87,0.536886990070343,0.41601333,0.06349317910526224,0.5227555643105187,0.34744182229042053
onefilepercell_JR1284_1_1_A12_and_others_S9V4Q:JR1284_1_5_C03.out.bam,1903605,147549,1903605.0,947253.94,0.7133867,436.14,0.5248904824256897,0.13298053,0.011371103328177836,0.35822211396283954,0.43622997403144836
onefilepercell_JR1284_1_1_A12_and_others_S9V4Q:JR1284_1_5_D03.out.bam,959895,97793,959895.0,938794.94,0.7276864,270.2,0.5026895403862,0.15824543,0.017420785708921235,0.46637646521230613,0.4154863655567169
onefilepercell_JR1284_1_1_A12_and_others_S9V4Q:JR1284_1_5_F01.out.bam,3101254,166297,3101254.0,941005.1,0.19948745,249.8,0.0,0.7890174,0.6407814388586985,0.2216295905145183,0.1310638189315796
onefilepercell_JR1284_1_1_A12_and_others_S9V4Q:JR1284_1_5_F02.out.bam,706161,72742,706161.0,980218.06,0.5745877,383.19,0.5778480172157288,0.48845133,0.03325093879010089,0.6328205066192494,0.3575149476528168
onefilepercell_JR1284_1_1_A12_and_others_S9V4Q:JR1284_1_5_F03.out.bam,1297918,176718,1297918.0,889017.56,0.6976867,305.64,0.42811423540115356,0.084185705,0.05213023369110817,0.5738307138448854,0.4173084497451782
onefilepercell_JR1284_1_1_A12_and_others_S9V4Q:JR1284_1_5_F06.out.bam,6011560,202474,6011560.0,982198.4,0.12686324,341.31,0.8008889555931091,0.8470062,0.14690369536654124,0.6173646955211692,0.3800783157348633
onefilepercell_JR1284_1_1_A12_and_others_S9V4Q:JR1284_1_5_H05.out.bam,819254,145925,819254.0,956388.2,0.465196,313.5,0.5601539611816406,0.580793,0.06304001254375455,0.43003045582733346,0.3548542261123657
onefilepercell_JR1284_1_1_A12_and_others_S9V4Q:JR1284_1_5_K04.out.bam,1866812,220507,1866812.0,912281.3,0.7446026,371.58,0.4865603744983673,0.14555001,0.018081238373065602,0.4115824377239133,0.40599656105041504
onefilepercell_JR1284_1_1_A12_and_others_S9V4Q:JR1284_1_5_K06.out.bam,1003236,94257,1003236.0,941192.94,0.49160057,348.7,0.6365380883216858,0.5373443,0.05443922027664506,0.4369330622415933,0.3491164743900299
onefilepercell_JR1284_1_1_A12_and_others_S9V4Q:JR1284_1_5_L02.out.bam,1126727,148630,1126727.0,953479.25,0.73488677,372.11,0.5148337483406067,0.1734347,0.017345990019476138,0.34936364181732055,0.4341742992401123
onefilepercell_JR1284_1_1_A12_and_others_S9V4Q:JR1284_1_5_M06.out.bam,493711,33310,493711.0,985893.8,0.80730057,307.81,0.47793254256248474,0.016921973,0.032520669740075586,0.40414052368098563,0.43750470876693726
onefilepercell_JR1284_1_1_A12_and_others_S9V4Q:JR1284_1_5_N03.out.bam,2998981,256130,2998981.0,950806.9,0.035763264,916.55,0.7231897115707397,0.93311995,0.303058544459843,0.1259066370293225,0.11356806755065918
onefilepercell_JR1284_1_1_A12_and_others_S9V4Q:JR1284_1_5_N04.out.bam,2197116,244819,2197116.0,940549.0,0.20173025,417.62,0.6045874357223511,0.7891228,0.21946354321486727,0.2784175726814387,0.18491239845752716
onefilepercell_JR1284_1_1_A12_and_others_S9V4Q:JR1284_1_5_O01.out.bam,723585,97732,723585.0,935379.6,0.71389043,366.98,0.488170862197876,0.13736534,0.021876674454956634,0.4876625223127166,0.4334699213504791
onefilepercell_JR1284_1_1_A12_and_others_S9V4Q:JR1284_1_5_O03.out.bam,2150892,169621,2150892.0,961025.94,0.280043,324.46,0.07522337883710861,0.700436,0.6708302868300423,0.12428069909617954,0.15308237075805664
onefilepercell_JR1284_1_1_A12_and_others_S9V4Q:JR1284_1_5_P01.out.bam,2451244,171035,2451244.0,987341.25,0.017382622,640.75,0.9720972776412964,0.961687,0.44624303640428103,0.03550850667288077,0.11000428348779678
onefilepercell_JR1284_1_1_A12_and_others_S9V4Q:JR1284_1_6_A02.out.bam,475327,35286,475327.0,888810.0,0.58861387,281.0,0.4080451428890228,0.38574973,0.191611503755104,0.2831033759805527,0.2078433781862259
onefilepercell_JR1284_1_1_A12_and_others_S9V4Q:JR1284_1_6_A03.out.bam,1654757,171625,1654757.0,955153.9,0.32235628,352.89,0.5429521799087524,0.6702739,0.14443503563108362,0.5006545369065862,0.39652761816978455
onefilepercell_JR1284_1_1_A12_and_others_S9V4Q:JR1284_1_6_A04.out.bam,414987,24809,414987.0,989616.1,0.7176975,283.06,0.2415321320295334,0.2274798,0.2974127293737449,0.1868058988630435,0.16342461109161377
onefilepercell_JR1284_1_1_A12_and_others_S9V4Q:JR1284_1_6_A05.out.bam,1307709,48604,1307709.0,936237.94,0.0850876,631.71,0.6574628949165344,0.87934124,0.21199223875267187,0.3956594722439527,0.18386529386043549
onefilepercell_JR1284_1_1_A12_and_others_S9V4Q:JR1284_1_6_C03.out.bam,1186111,166262,1186111.0,932196.2,0.6807517,298.13,0.3445175290107727,0.14130019,0.015758839355628707,0.3541095361464725,0.458493173122406
onefilepercell_JR1284_1_1_A12_and_others_S9V4Q:JR1284_1_6_C04.out.bam,323993,18567,323993.0,987909.8,0.01677686,831.08,0.9631725549697876,0.96816754,0.41766489242416305,0.03427747045662697,0.10023005306720734
onefilepercell_JR1284_1_1_A12_and_others_S9V4Q:JR1284_1_6_D02.out.bam,1428011,132610,1428011.0,970427.8,0.7324237,445.51,0.4571405351161957,0.12690769,0.02479357538849809,0.4092349910862743,0.4241888225078583
onefilepercell_JR1284_1_1_A12_and_others_S9V4Q:JR1284_1_6_D03.out.bam,551738,97604,551738.0,1007498.2,0.068351805,456.68,0.48928725719451904,0.91621476,0.8156853691670416,0.11702740757514862,0.13409532606601715
onefilepercell_JR1284_1_1_A12_and_others_S9V4Q:JR1284_1_6_E04.out.bam,438099,22537,438099.0,1004980.06,0.18043286,293.57,0.0,0.80155057,0.33899738614337965,0.11094401346945286,0.10722018778324127
onefilepercell_JR1284_1_1_A12_and_others_S9V4Q:JR1284_1_6_E05.out.bam,591505,21441,591505.0,941959.44,0.00197047,926.38,0.713419497013092,0.9715707,0.26161693233663513,0.12431357063427854,0.11254054307937622
onefilepercell_JR1284_1_1_A12_and_others_S9V4Q:JR1284_1_6_F01.out.bam,521935,28696,521935.0,933106.44,0.06939238,405.74,0.7437888383865356,0.9113793,0.2994712965379925,0.10747312148129445,0.11716077476739883
onefilepercell_JR1284_1_1_A12_and_others_S9V4Q:JR1284_1_6_F05.out.bam,448240,21478,448240.0,981875.7,0.09101951,781.03,0.9792782068252563,0.87534904,0.348098332783393,0.05080159428296156,0.10816176235675812
onefilepercell_JR1284_1_1_A12_and_others_S9V4Q:JR1284_1_6_G03.out.bam,485385,36249,485385.0,930945.7,0.59317946,220.53,0.10395223647356033,0.34994432,0.4705989540510144,0.13370155044083218,0.18577738106250763
onefilepercell_JR1284_1_1_A12_and_others_S9V4Q:JR1284_1_6_G04.out.bam,1950704,170582,1950704.0,972448.75,0.4064793,621.83,0.6048818826675415,0.5894831,0.029291402214284192,0.325461632908923,0.40849027037620544
onefilepercell_JR1284_1_1_A12_and_others_S9V4Q:JR1284_1_6_G05.out.bam,1179410,60029,1179410.0,1001405.6,0.38643122,569.85,0.8335220813751221,0.62509334,0.44196821561083943,0.07555005366308594,0.13327160477638245
onefilepercell_JR1284_1_1_A12_and_others_S9V4Q:JR1284_1_6_H01.out.bam,359629,16932,359629.0,995709.25,0.03127265,747.52,0.9903231263160706,0.94045186,0.28868918511929553,0.006459322706973121,0.10275503993034363
onefilepercell_JR1284_1_1_A12_and_others_S9V4Q:JR1284_1_6_H02.out.bam,370944,15901,370944.0,991850.94,0.09606022,707.56,0.9670302867889404,0.87214255,0.272558592198167,0.04359486248938712,0.10889805108308792
onefilepercell_JR1284_1_1_A12_and_others_S9V4Q:JR1284_1_6_H05.out.bam,904704,72136,904704.0,985613.9,0.7246915,581.43,0.4880967438220978,0.17230882,0.017787136829794492,0.6019547492221471,0.4311089515686035
onefilepercell_JR1284_1_1_A12_and_others_S9V4Q:JR1284_1_6_I01.out.bam,511873,47644,511873.0,1004047.25,0.115559936,218.2,0.5794139504432678,0.8623685,0.3614408825904346,0.07730646707770811,0.12248198688030243
onefilepercell_JR1284_1_1_A12_and_others_S9V4Q:JR1284_1_6_I02.out.bam,1604280,148690,1604280.0,954454.5,0.6041688,408.1,0.26327425241470337,0.3030397,0.0340882289457642,0.5092620526642774,0.43002867698669434
onefilepercell_JR1284_1_1_A12_and_others_S9V4Q:JR1284_1_6_I03.out.bam,1241982,154895,1241982.0,940269.56,0.27101034,691.86,0.5091859698295593,0.73610085,0.10247135911921337,0.447196411335657,0.33068105578422546
onefilepercell_JR1284_1_1_A12_and_others_S9V4Q:JR1284_1_6_I04.out.bam,1232630,89536,1232630.0,955171.44,0.72336817,408.66,0.46776965260505676,0.121500134,0.11163402983122567,0.4043552828705365,0.4447575807571411
onefilepercell_JR1284_1_1_A12_and_others_S9V4Q:JR1284_1_6_J05.out.bam,567710,43584,567710.0,970396.56,0.008831203,708.85,0.7367767691612244,0.9697407,0.3085851388882013,0.10898925322012971,0.11974511295557022
onefilepercell_JR1284_1_1_A12_and_others_S9V4Q:JR1284_1_6_K05.out.bam,1382307,117444,1382307.0,964310.4,0.43185627,617.42,0.6082106828689575,0.51841694,0.1895606105641966,0.2917050926258864,0.41252782940864563
onefilepercell_JR1284_1_1_A12_and_others_S9V4Q:JR1284_1_6_L01.out.bam,578506,42696,578506.0,1001085.5,0.35429126,147.17,0.18319489061832428,0.640291,0.8141140216570262,0.12995046642991848,0.10490325838327408
onefilepercell_JR1284_1_1_A12_and_others_S9V4Q:JR1284_1_6_L02.out.bam,1089822,148548,1089822.0,935631.06,0.70794183,289.97,0.4581390619277954,0.12368092,0.03545329892908416,0.4774519652551062,0.36480993032455444
onefilepercell_JR1284_1_1_A12_and_others_S9V4Q:JR1284_1_6_L03.out.bam,246130,9048,246130.0,1042556.9,0.0067908764,884.72,0.9491845369338989,0.956697,0.39103307211410904,0.05166343263161543,0.10570592433214188
onefilepercell_JR1284_1_1_A12_and_others_S9V4Q:JR1284_1_6_L04.out.bam,419672,31527,419672.0,1004848.1,0.0,1072.42,0.9878690242767334,0.98042154,0.33748651363473153,0.012762097265887954,0.09489502012729645
onefilepercell_JR1284_1_1_A12_and_others_S9V4Q:JR1284_1_6_L05.out.bam,1150758,96300,1150758.0,961561.4,0.84941524,324.27,0.42716795206069946,0.004932632,0.04143720318933052,0.5134869986190329,0.4160282015800476
onefilepercell_JR1284_1_1_A12_and_others_S9V4Q:JR1284_1_6_N03.out.bam,735852,90977,735852.0,960382.6,0.28665334,548.06,0.683387279510498,0.66651213,0.17379538279946907,0.3016467731352336,0.2635185122489929
onefilepercell_JR1284_1_1_A12_and_others_S9V4Q:JR1284_1_6_P03.out.bam,511230,32449,511230.0,1015713.56,0.09553629,714.69,0.9769619107246399,0.8707366,0.31905686392741095,0.027074993277232645,0.11421308666467667
onefilepercell_JR1284_1_1_A12_and_others_S9V4Q:JR1284_1_6_P04.out.bam,254836,26225,254836.0,893067.2,0.015987098,1107.33,0.8441299796104431,0.9526279,0.4751880780521324,0.0516922702154513,0.09179139137268066
